=== attempt 1 (2026-10-01 10:49:14) ===
resumed checkpoint '49_key': 6440 frames, f6440 mode=05/00 L3 room=59 pos=(120,77) dir=4 hp=3.0/3 rup=0 sword=1 lag=1395
resuming after 16 segments
  attempt 4: success 503 frames, hearts 3.0
  attempt 3: success 509 frames, hearts 3.0
  attempt 1: over budget (509 frames)
  attempt 2: over budget (509 frames)
  attempt 8: over budget (509 frames)
  attempt 5: over budget (508 frames)
  attempt 7: over budget (505 frames)
  attempt 6: over budget (502 frames)
  scout 1 lost its emulator (bridge connection lost at 11:19:12: EmuHawk exit code 1 (0x0); that worker is done
  scout 0 lost its emulator (bridge connection lost at 11:19:12: EmuHawk exit code 1 (0x0); that worker is done
  scout 2 lost its emulator (bridge connection lost at 11:19:12: EmuHawk exit code 1 (0x0); that worker is done
  scout 3 lost its emulator (bridge connection lost at 11:19:12: EmuHawk exit code 1 (0x0); that worker is done
  4 of 4 scouts lost their emulator mid-search; the remaining 0 covered the phase window between them
Traceback (most recent call last):
  File "/home/cmayfield/code/games/aibeatszelda/src/fullgame.py", line 3130, in <module>
    main()
    ~~~~^^
  File "/home/cmayfield/code/games/aibeatszelda/src/fullgame.py", line 3121, in main
    run.segment(name, factory, success, tries=tries, max_frames=3000)
    ~~~~~~~~~~~^^^^^^^^^^^^^^^^^^^^^^^^^^^^^^^^^^^^^^^^^^^^^^^^^^^^^^
  File "/home/cmayfield/code/games/aibeatszelda/src/zelda/runner.py", line 376, in segment
    main.step(b, 1)
    ~~~~~~~~~^^^^^^
  File "/home/cmayfield/code/games/aibeatszelda/src/zelda/emulator.py", line 268, in step
    resp = self.cmd(f"step {frames} {','.join(btn) or '-'}")
  File "/home/cmayfield/code/games/aibeatszelda/src/zelda/emulator.py", line 252, in cmd
    raise RuntimeError(f"bridge connection lost at {_time.strftime('%H:%M:%S')}: EmuHawk {how}; "
                       f"log {getattr(self._logfile, 'name', '?')}")
RuntimeError: bridge connection lost at 11:19:12: EmuHawk exit code 1 (0x00000001); log /home/cmayfield/code/games/aibeatszelda/src/logs/gleeok_main.log
=== died silently (exit 1, 2026-10-01 11:19:12); resuming ===
=== attempt 2 (2026-10-01 11:19:17) ===
Traceback (most recent call last):
  File "/home/cmayfield/code/games/aibeatszelda/src/zelda/emulator.py", line 219, in __init__
    self.conn, _ = srv.accept()
                   ~~~~~~~~~~^^
  File "/usr/lib/python3.14/socket.py", line 298, in accept
    fd, addr = self._accept()
               ~~~~~~~~~~~~^^
TimeoutError: timed out

During handling of the above exception, another exception occurred:

Traceback (most recent call last):
  File "/home/cmayfield/code/games/aibeatszelda/src/fullgame.py", line 3130, in <module>
    main()
    ~~~~^^
  File "/home/cmayfield/code/games/aibeatszelda/src/fullgame.py", line 3071, in main
    with Run(RUN_NAME, log=P) as run:
         ~~~^^^^^^^^^^^^^^^^^
  File "/home/cmayfield/code/games/aibeatszelda/src/zelda/runner.py", line 129, in __enter__
    self.open()
    ~~~~~~~~~^^
  File "/home/cmayfield/code/games/aibeatszelda/src/zelda/runner.py", line 107, in open
    self.main = BizHawk(log_name=f"{self.name}_main.log", record=self.name if self.record else None)
                ~~~~~~~^^^^^^^^^^^^^^^^^^^^^^^^^^^^^^^^^^^^^^^^^^^^^^^^^^^^^^^^^^^^^^^^^^^^^^^^^^^^^
  File "/home/cmayfield/code/games/aibeatszelda/src/zelda/emulator.py", line 222, in __init__
    raise RuntimeError("EmuHawk never connected to the bridge; see " + str(LOGS_DIR / log_name))
RuntimeError: EmuHawk never connected to the bridge; see /home/cmayfield/code/games/aibeatszelda/src/logs/gleeok_main.log
=== died silently (exit 1, 2026-10-01 11:20:17); resuming ===
=== attempt 3 (2026-10-01 11:20:22) ===
Traceback (most recent call last):
  File "/home/cmayfield/code/games/aibeatszelda/src/zelda/emulator.py", line 219, in __init__
    self.conn, _ = srv.accept()
                   ~~~~~~~~~~^^
  File "/usr/lib/python3.14/socket.py", line 298, in accept
    fd, addr = self._accept()
               ~~~~~~~~~~~~^^
TimeoutError: timed out

During handling of the above exception, another exception occurred:

Traceback (most recent call last):
  File "/home/cmayfield/code/games/aibeatszelda/src/fullgame.py", line 3130, in <module>
    main()
    ~~~~^^
  File "/home/cmayfield/code/games/aibeatszelda/src/fullgame.py", line 3071, in main
    with Run(RUN_NAME, log=P) as run:
         ~~~^^^^^^^^^^^^^^^^^
  File "/home/cmayfield/code/games/aibeatszelda/src/zelda/runner.py", line 129, in __enter__
    self.open()
    ~~~~~~~~~^^
  File "/home/cmayfield/code/games/aibeatszelda/src/zelda/runner.py", line 107, in open
    self.main = BizHawk(log_name=f"{self.name}_main.log", record=self.name if self.record else None)
                ~~~~~~~^^^^^^^^^^^^^^^^^^^^^^^^^^^^^^^^^^^^^^^^^^^^^^^^^^^^^^^^^^^^^^^^^^^^^^^^^^^^^
  File "/home/cmayfield/code/games/aibeatszelda/src/zelda/emulator.py", line 222, in __init__
    raise RuntimeError("EmuHawk never connected to the bridge; see " + str(LOGS_DIR / log_name))
RuntimeError: EmuHawk never connected to the bridge; see /home/cmayfield/code/games/aibeatszelda/src/logs/gleeok_main.log
=== died silently (exit 1, 2026-10-01 11:21:23); resuming ===
=== attempt 4 (2026-10-01 11:21:28) ===
=== attempt 1 (2026-10-01 11:22:20) ===
resumed checkpoint '49_key': 6440 frames, f6440 mode=05/00 L3 room=59 pos=(120,77) dir=4 hp=3.0/3 rup=0 sword=1 lag=1395
resuming after 16 segments
=== attempt 1 (2026-10-01 11:24:03) ===
resumed checkpoint '49_key': 6440 frames, f6440 mode=05/00 L3 room=59 pos=(120,77) dir=4 hp=3.0/3 rup=0 sword=1 lag=1395
resuming after 16 segments
  attempt 3: success 509 frames, hearts 3.0
  attempt 1: over budget (509 frames)
  attempt 2: over budget (509 frames)
=== attempt 1 (2026-10-01 11:46:16) ===
resumed checkpoint '49_key': 6440 frames, f6440 mode=05/00 L3 room=59 pos=(120,77) dir=4 hp=3.0/3 rup=0 sword=1 lag=1395
resuming after 16 segments
  attempt 3: success 509 frames, hearts 3.0
  first success in hand - taking it (JUST_GET_THROUGH: not searching for a better line)
  first success in hand - taking it (JUST_GET_THROUGH: not searching for a better line)
  attempt 1: over budget (509 frames)
  first success in hand - taking it (JUST_GET_THROUGH: not searching for a better line)
  attempt 2: over budget (509 frames)
  first success in hand - taking it (JUST_GET_THROUGH: not searching for a better line)
[59_fight] 509 frames, hearts 3.0 -> f6949 mode=05/00 L3 room=69 pos=(120,77) dir=4 hp=3.0/3 rup=0 sword=1 lag=1488 (total 6949 frames, 744s wall)
  attempt 4: success 394 frames, hearts 2.0
  attempt 5: died (254 frames)
  attempt 3: success 639 frames, hearts 3.0
  attempt 1: over budget (637 frames)
  attempt 2: over budget (638 frames)
  attempt 9: died (246 frames)
  attempt 6: over budget (638 frames)
  attempt 8: over budget (636 frames)
  attempt 10: over budget (639 frames)
  attempt 11: over budget (638 frames)
  (accept-after 8: took the 639-frame line after 11 attempts (8 without improvement) - flagged for a later pass)
  attempt 12: over budget (635 frames)
  flagged 69_stairs for a later improvement pass (took the 639-frame line after 11 attempts (8 without improvement)); 1 flagged in flagged.json
[69_stairs] 639 frames, hearts 3.0 -> f7588 mode=09/02 L3 room=0f pos=(208,141) dir=1 hp=3.0/3 rup=0 sword=1 lag=1660 (total 7588 frames, 1499s wall)
  attempt 4: success 940 frames, hearts 1.5
  attempt 2: success 941 frames, hearts 3.0
  attempt 3: over budget (941 frames)
  attempt 5: over budget (941 frames)
  converged: 3 of 4 scouts within 20 frames of 941 - taking it
  attempt 6: over budget (941 frames)
  attempt 9: over budget (941 frames)
[cellar] 941 frames, hearts 3.0 -> f8529 mode=05/00 L3 room=69 pos=(96,141) dir=4 hp=3.0/3 rup=0 sword=1 lag=1665 (total 8529 frames, 1794s wall)
  attempt 2: success 258 frames, hearts 3.0
  attempt 1: over budget (270 frames)
  attempt 4: over budget (258 frames)
  attempt 3: over budget (258 frames)
  attempt 5: over budget (258 frames)
  attempt 6: over budget (258 frames)
  attempt 7: over budget (258 frames)
  attempt 11: success 251 frames, hearts 3.0
  attempt 9: over budget (251 frames)
  attempt 10: over budget (251 frames)
  attempt 12: over budget (251 frames)
  attempt 16: success 250 frames, hearts 3.0
  converged: 3 of 4 scouts within 20 frames of 250 - taking it
  attempt 14: over budget (250 frames)
  attempt 13: over budget (250 frames)
  attempt 15: over budget (250 frames)
[69_up] 250 frames, hearts 3.0 -> f8779 mode=05/00 L3 room=59 pos=(120,189) dir=8 hp=3.0/3 rup=0 sword=1 lag=1776 (total 8779 frames, 1884s wall)
  attempt 2: success 241 frames, hearts 3.0
  attempt 4: over budget (244 frames)
  attempt 1: over budget (244 frames)
  attempt 3: over budget (241 frames)
  attempt 6: over budget (241 frames)
  attempt 5: over budget (241 frames)
  attempt 8: over budget (240 frames)
  attempt 7: over budget (241 frames)
  attempt 9: over budget (241 frames)
  (accept-after 8: took the 241-frame line after 9 attempts (8 without improvement) - flagged for a later pass)
  attempt 10: over budget (241 frames)
  attempt 11: over budget (241 frames)
  attempt 12: success 240 frames, hearts 3.0
  flagged 59_up for a later improvement pass (took the 241-frame line after 9 attempts (8 without improvement)); 2 flagged in flagged.json
[59_up] 240 frames, hearts 3.0 -> f9019 mode=05/00 L3 room=49 pos=(120,205) dir=8 hp=3.0/3 rup=0 sword=1 lag=1873 (total 9019 frames, 1897s wall)
  attempt 2: success 327 frames, hearts 3.0
  attempt 1: over budget (342 frames)
  attempt 3: over budget (332 frames)
  attempt 6: over budget (327 frames)
  attempt 5: over budget (327 frames)
  attempt 7: over budget (327 frames)
  attempt 8: over budget (326 frames)
  attempt 10: over budget (327 frames)
  attempt 4: over budget (327 frames)
  (accept-after 8: took the 327-frame line after 9 attempts (8 without improvement) - flagged for a later pass)
  attempt 12: success 326 frames, hearts 3.0
  attempt 9: over budget (326 frames)
  attempt 11: over budget (326 frames)
  flagged 49_right for a later improvement pass (took the 327-frame line after 9 attempts (8 without improvement)); 3 flagged in flagged.json
[49_right] 326 frames, hearts 3.0 -> f9345 mode=05/00 L3 room=4a pos=(16,141) dir=1 hp=3.0/3 rup=0 sword=1 lag=2009 (total 9345 frames, 1932s wall)
  attempt 4: success 369 frames, hearts 3.0
  attempt 2: success 361 frames, hearts 3.0
  attempt 3: over budget (369 frames)
  attempt 1: over budget (364 frames)
  attempt 5: over budget (361 frames)
  attempt 6: over budget (361 frames)
  attempt 8: over budget (360 frames)
  attempt 7: over budget (361 frames)
  attempt 9: over budget (361 frames)
  attempt 11: over budget (361 frames)
  (accept-after 8: took the 361-frame line after 10 attempts (8 without improvement) - flagged for a later pass)
  attempt 10: over budget (361 frames)
  attempt 12: over budget (360 frames)
  attempt 13: over budget (361 frames)
  flagged 4a_right for a later improvement pass (took the 361-frame line after 10 attempts (8 without improvement)); 4 flagged in flagged.json
[4a_right] 361 frames, hearts 3.0 -> f9706 mode=05/00 L3 room=4b pos=(16,141) dir=1 hp=3.0/3 rup=0 sword=1 lag=2145 (total 9706 frames, 1957s wall)
  attempt 1: success 452 frames, hearts 3.0
  attempt 3: over budget (465 frames)
  attempt 2: success 440 frames, hearts 3.0
  attempt 5: over budget (440 frames)
  attempt 6: over budget (440 frames)
  attempt 7: over budget (440 frames)
  attempt 8: over budget (439 frames)
  attempt 10: over budget (440 frames)
  attempt 12: over budget (439 frames)
  attempt 13: over budget (440 frames)
  attempt 4: over budget (440 frames)
  (accept-after 8: took the 440-frame line after 11 attempts (8 without improvement) - flagged for a later pass)
  attempt 14: over budget (440 frames)
  attempt 9: over budget (440 frames)
  attempt 11: over budget (440 frames)
  flagged 4b_right for a later improvement pass (took the 440-frame line after 11 attempts (8 without improvement)); 5 flagged in flagged.json
[4b_right] 440 frames, hearts 3.0 -> f10146 mode=05/00 L3 room=4c pos=(16,141) dir=1 hp=3.0/3 rup=0 sword=1 lag=2281 (total 10146 frames, 2028s wall)
  attempt 1: success 547 frames, hearts 2.5
  attempt 2: success 541 frames, hearts 2.5
  converged: 3 of 4 scouts within 20 frames of 541 - taking it
[4c_bomb] 541 frames, hearts 2.5 -> f10687 mode=05/00 L3 room=4d pos=(32,141) dir=1 hp=2.5/3 rup=0 sword=1 lag=2417 (total 10687 frames, 2060s wall)
  manhandla is a phase-locked fight: 4 scouts split 0-90 frames between them rather than all drawing from it
  attempt 1: success 211 frames, hearts 3.5
  first success in hand - taking it (a boss success IS the win; see HEARTS_FREE)
  attempt 2: over budget (648 frames)
  first success in hand - taking it (a boss success IS the win; see HEARTS_FREE)
  attempt 3: over budget (644 frames)
  first success in hand - taking it (a boss success IS the win; see HEARTS_FREE)
  attempt 4: over budget (647 frames)
  first success in hand - taking it (a boss success IS the win; see HEARTS_FREE)
[manhandla] 211 frames, hearts 3.5 -> f10898 mode=05/00 L3 room=4d pos=(125,149) dir=2 hp=3.5/4 rup=0 sword=1 lag=2421 (total 10898 frames, 2834s wall)
  attempt 1: success 836 frames, hearts 4.0
  converged: 3 of 4 scouts within 20 frames of 836 - taking it
[L3_done] 836 frames, hearts 4.0 -> f11734 mode=02/00 L0 room=3d pos=(120,149) dir=8 hp=4.0/4 rup=0 sword=1 lag=2527 (total 11734 frames, 2871s wall)
  attempt 3: success 180 frames, hearts 4.0
  converged: 3 of 4 scouts within 20 frames of 180 - taking it
[warp_L3] 180 frames, hearts 4.0 -> f11914 mode=05/00 L0 room=74 pos=(128,125) dir=4 hp=4.0/4 rup=0 sword=1 lag=2537 (total 11914 frames, 2877s wall)
  attempt 4: success 217 frames, hearts 4.0
  attempt 2: success 209 frames, hearts 4.0
  converged: 3 of 4 scouts within 20 frames of 209 - taking it
[ow1_73] 209 frames, hearts 4.0 -> f12123 mode=05/00 L0 room=73 pos=(240,133) dir=2 hp=4.0/4 rup=0 sword=1 lag=2608 (total 12123 frames, 2888s wall)
  attempt 4: success 174 frames, hearts 4.0
  attempt 2: success 166 frames, hearts 4.0
  converged: 3 of 4 scouts within 20 frames of 166 - taking it
[ow1_63] 166 frames, hearts 4.0 -> f12289 mode=05/00 L0 room=63 pos=(208,221) dir=8 hp=4.0/4 rup=0 sword=1 lag=2660 (total 12289 frames, 2898s wall)
  attempt 3: success 190 frames, hearts 4.0
  attempt 2: success 178 frames, hearts 4.0
  converged: 3 of 4 scouts within 20 frames of 178 - taking it
[ow1_64] 178 frames, hearts 4.0 -> f12467 mode=05/00 L0 room=64 pos=(0,157) dir=1 hp=4.0/4 rup=0 sword=1 lag=2731 (total 12467 frames, 2909s wall)
  attempt 1: success 320 frames, hearts 4.0
  attempt 2: success 312 frames, hearts 4.0
  converged: 3 of 4 scouts within 20 frames of 312 - taking it
  attempt 5: nav: walked into a cave (186 frames)
[ow1_65] 312 frames, hearts 4.0 -> f12779 mode=05/00 L0 room=65 pos=(0,189) dir=1 hp=4.0/4 rup=0 sword=1 lag=2802 (total 12779 frames, 2929s wall)
  attempt 2: success 358 frames, hearts 4.0
  (accept-after 8: took the 358-frame line after 9 attempts (8 without improvement) - flagged for a later pass)
  flagged ow1_66 for a later improvement pass (took the 358-frame line after 9 attempts (8 without improvement)); 6 flagged in flagged.json
[ow1_66] 358 frames, hearts 4.0 -> f13137 mode=05/00 L0 room=66 pos=(0,189) dir=1 hp=4.0/4 rup=0 sword=1 lag=2873 (total 13137 frames, 2961s wall)
  attempt 2: success 332 frames, hearts 3.5
  attempt 4: success 385 frames, hearts 4.0
  converged: 3 of 4 scouts within 20 frames of 385 - taking it
[ow1_67] 385 frames, hearts 4.0 -> f13522 mode=05/00 L0 room=67 pos=(0,141) dir=1 hp=4.0/4 rup=0 sword=1 lag=2944 (total 13522 frames, 2978s wall)
  attempt 1: success 361 frames, hearts 4.0
  attempt 7: success 356 frames, hearts 4.0
  attempt 8: success 349 frames, hearts 4.0
  converged: 3 of 4 scouts within 20 frames of 349 - taking it
[ow1_68] 349 frames, hearts 4.0 -> f13871 mode=05/00 L0 room=68 pos=(0,117) dir=1 hp=4.0/4 rup=0 sword=1 lag=3015 (total 13871 frames, 3012s wall)
  attempt 2: success 162 frames, hearts 4.0
  converged: 3 of 4 scouts within 20 frames of 162 - taking it
[ow1_58] 162 frames, hearts 4.0 -> f14033 mode=05/00 L0 room=58 pos=(48,221) dir=8 hp=4.0/4 rup=0 sword=1 lag=3067 (total 14033 frames, 3021s wall)
  attempt 1: success 275 frames, hearts 3.5
  attempt 2: success 282 frames, hearts 4.0
  converged: 3 of 4 scouts within 20 frames of 282 - taking it
[ow1_48] 282 frames, hearts 4.0 -> f14315 mode=05/00 L0 room=48 pos=(112,221) dir=8 hp=4.0/4 rup=0 sword=1 lag=3119 (total 14315 frames, 3039s wall)
  attempt 2: success 210 frames, hearts 3.5
  attempt 9: success 205 frames, hearts 3.5
  attempt 12: success 193 frames, hearts 3.5
  converged: 3 of 4 scouts within 20 frames of 193 - taking it
[ow1_38] 193 frames, hearts 3.5 -> f14508 mode=05/00 L0 room=38 pos=(112,221) dir=8 hp=3.5/4 rup=0 sword=1 lag=3171 (total 14508 frames, 3060s wall)
  attempt 2: success 208 frames, hearts 3.5
  converged: 3 of 4 scouts within 20 frames of 208 - taking it
[ws_28] 208 frames, hearts 3.5 -> f14716 mode=05/00 L0 room=28 pos=(112,221) dir=8 hp=3.5/4 rup=0 sword=1 lag=3223 (total 14716 frames, 3068s wall)
  attempt 4: success 244 frames, hearts 3.5
  attempt 2: success 236 frames, hearts 3.5
  converged: 3 of 4 scouts within 20 frames of 236 - taking it
[ws_29] 236 frames, hearts 3.5 -> f14952 mode=05/00 L0 room=29 pos=(0,173) dir=1 hp=3.5/4 rup=0 sword=1 lag=3294 (total 14952 frames, 3079s wall)
  attempt 1: success 317 frames, hearts 2.5
  attempt 7: success 309 frames, hearts 2.5
  converged: 3 of 4 scouts within 20 frames of 309 - taking it
[ws_2a] 309 frames, hearts 2.5 -> f15261 mode=05/00 L0 room=2a pos=(0,173) dir=1 hp=2.5/4 rup=0 sword=1 lag=3365 (total 15261 frames, 3095s wall)
  attempt 3: success 316 frames, hearts 2.5
  attempt 4: success 299 frames, hearts 2.5
  attempt 2: success 288 frames, hearts 2.5
  converged: 3 of 4 scouts within 20 frames of 288 - taking it
[ws_2b] 288 frames, hearts 2.5 -> f15549 mode=05/00 L0 room=2b pos=(0,173) dir=1 hp=2.5/4 rup=0 sword=1 lag=3436 (total 15549 frames, 3108s wall)
  attempt 4: success 391 frames, hearts 2.5
  attempt 1: success 390 frames, hearts 2.5
  converged: 3 of 4 scouts within 20 frames of 390 - taking it
[ws_2c] 390 frames, hearts 2.5 -> f15939 mode=05/00 L0 room=2c pos=(0,141) dir=1 hp=2.5/4 rup=0 sword=1 lag=3507 (total 15939 frames, 3127s wall)
  attempt 1: success 827 frames, hearts 3.5
  converged: 3 of 4 scouts within 20 frames of 827 - taking it
  attempt 5: success 823 frames, hearts 3.5
[h2c_heart] 823 frames, hearts 3.5 -> f16762 mode=05/00 L0 room=2c pos=(144,157) dir=4 hp=3.5/5 rup=0 sword=1 lag=3566 (total 16762 frames, 3202s wall)
  attempt 4: success 234 frames, hearts 3.5
  attempt 1: success 233 frames, hearts 3.5
  converged: 3 of 4 scouts within 20 frames of 233 - taking it
[h2c_2d] 233 frames, hearts 3.5 -> f16995 mode=05/00 L0 room=2d pos=(0,141) dir=1 hp=3.5/5 rup=0 sword=1 lag=3637 (total 16995 frames, 3214s wall)
  attempt 4: success 267 frames, hearts 3.0
  attempt 1: success 264 frames, hearts 3.5
  converged: 3 of 4 scouts within 20 frames of 264 - taking it
[c0f_1d] 264 frames, hearts 3.5 -> f17259 mode=05/00 L0 room=1d pos=(120,221) dir=8 hp=3.5/5 rup=0 sword=1 lag=3690 (total 17259 frames, 3229s wall)
  attempt 2: success 252 frames, hearts 3.5
  converged: 3 of 4 scouts within 20 frames of 252 - taking it
[c0f_1e] 252 frames, hearts 3.5 -> f17511 mode=05/00 L0 room=1e pos=(0,141) dir=1 hp=3.5/5 rup=0 sword=1 lag=3761 (total 17511 frames, 3242s wall)
  attempt 2: success 342 frames, hearts 3.5
  converged: 3 of 4 scouts within 20 frames of 342 - taking it
=== attempt 1 (2026-10-01 12:40:54) ===
resumed checkpoint 'c0f_1e': 17511 frames, f17511 mode=05/00 L0 room=1e pos=(0,141) dir=1 hp=3.5/5 rup=0 sword=1 lag=3761
resuming after 47 segments
  attempt 1: success 349 frames, hearts 3.0
  attempt 2: success 342 frames, hearts 3.5
  converged: 3 of 4 scouts within 20 frames of 342 - taking it
[c0f_1f] 342 frames, hearts 3.5 -> f17853 mode=05/00 L0 room=1f pos=(0,165) dir=1 hp=3.5/5 rup=0 sword=1 lag=3832 (total 17853 frames, 26s wall)
  attempt 1: success 329 frames, hearts 2.5
  converged: 3 of 4 scouts within 20 frames of 329 - taking it
[c0f_0f] 329 frames, hearts 2.5 -> f18182 mode=05/00 L0 room=0f pos=(128,221) dir=8 hp=2.5/5 rup=0 sword=1 lag=3884 (total 18182 frames, 37s wall)
  attempt 1: success 763 frames, hearts 2.5
  converged: 3 of 4 scouts within 20 frames of 763 - taking it
  attempt 2: success 759 frames, hearts 2.5
[cave_0f] 759 frames, hearts 2.5 -> f18941 mode=05/00 L0 room=0f pos=(128,125) dir=4 hp=2.5/5 rup=100 sword=1 lag=3943 (total 18941 frames, 70s wall)
  attempt 2: success 177 frames, hearts 2.5
  converged: 3 of 4 scouts within 20 frames of 177 - taking it
[c0f_b1f] 177 frames, hearts 2.5 -> f19118 mode=05/00 L0 room=1f pos=(128,61) dir=4 hp=2.5/5 rup=100 sword=1 lag=3993 (total 19118 frames, 77s wall)
  attempt 1: success 267 frames, hearts 2.5
  attempt 2: success 263 frames, hearts 2.5
  converged: 3 of 4 scouts within 20 frames of 263 - taking it
[c0f_b1e] 263 frames, hearts 2.5 -> f19381 mode=05/00 L0 room=1e pos=(240,85) dir=2 hp=2.5/5 rup=100 sword=1 lag=4064 (total 19381 frames, 90s wall)
  attempt 1: success 341 frames, hearts 2.5
  attempt 7: success 332 frames, hearts 2.5
  converged: 3 of 4 scouts within 20 frames of 332 - taking it
[c0f_b1d] 332 frames, hearts 2.5 -> f19713 mode=05/00 L0 room=1d pos=(240,141) dir=2 hp=2.5/5 rup=100 sword=1 lag=4135 (total 19713 frames, 131s wall)
  attempt 1: success 208 frames, hearts 2.5
  converged: 3 of 4 scouts within 20 frames of 208 - taking it
  attempt 5: success 203 frames, hearts 2.5
[cdl_0d] 203 frames, hearts 2.5 -> f19916 mode=05/00 L0 room=0d pos=(208,221) dir=8 hp=2.5/5 rup=100 sword=1 lag=4187 (total 19916 frames, 139s wall)
  attempt 1: success 340 frames, hearts 2.5
  converged: 3 of 4 scouts within 20 frames of 340 - taking it
[cdl_0c] 340 frames, hearts 2.5 -> f20256 mode=05/00 L0 room=0c pos=(240,157) dir=2 hp=2.5/5 rup=100 sword=1 lag=4258 (total 20256 frames, 154s wall)
  attempt 3: success 492 frames, hearts 2.0
  attempt 2: success 508 frames, hearts 2.5
  attempt 7: success 480 frames, hearts 2.5
  converged: 3 of 4 scouts within 20 frames of 480 - taking it
[buy_candle] 480 frames, hearts 2.5 -> f20736 mode=0b/00 L0 room=0c pos=(152,157) dir=8 hp=2.5/5 rup=100 sword=1 lag=4287 (total 20736 frames, 200s wall)
  attempt 1: success 310 frames, hearts 2.5
  converged: 3 of 4 scouts within 20 frames of 310 - taking it
[candle_leave] 310 frames, hearts 2.5 -> f21046 mode=05/00 L0 room=0c pos=(128,91) dir=4 hp=2.5/5 rup=40 sword=1 lag=4317 (total 21046 frames, 213s wall)
  attempt 1: success 337 frames, hearts 2.0
  attempt 5: success 336 frames, hearts 3.5
  (accept-after 8: took the 336-frame line after 13 attempts (8 without improvement) - flagged for a later pass)
  flagged cdl_1c for a later improvement pass (took the 336-frame line after 13 attempts (8 without improvement)); 7 flagged in flagged.json
[cdl_1c] 336 frames, hearts 3.5 -> f21382 mode=05/00 L0 room=1c pos=(80,61) dir=4 hp=3.5/5 rup=40 sword=1 lag=4367 (total 21382 frames, 252s wall)
  attempt 2: success 224 frames, hearts 3.5
  converged: 3 of 4 scouts within 20 frames of 224 - taking it
[ws_1b] 224 frames, hearts 3.5 -> f21606 mode=05/00 L0 room=1b pos=(240,125) dir=2 hp=3.5/5 rup=40 sword=1 lag=4438 (total 21606 frames, 265s wall)
  attempt 1: success 364 frames, hearts 3.5
  attempt 4: success 363 frames, hearts 3.5
  attempt 2: success 352 frames, hearts 3.5
  converged: 3 of 4 scouts within 20 frames of 352 - taking it
[ws_1a] 352 frames, hearts 3.5 -> f21958 mode=05/00 L0 room=1a pos=(240,141) dir=2 hp=3.5/5 rup=40 sword=1 lag=4509 (total 21958 frames, 281s wall)
  attempt 2: success 213 frames, hearts 3.5
  converged: 3 of 4 scouts within 20 frames of 213 - taking it
[ws_0a] 213 frames, hearts 3.5 -> f22171 mode=05/00 L0 room=0a pos=(208,221) dir=8 hp=3.5/5 rup=40 sword=1 lag=4561 (total 22171 frames, 291s wall)
  attempt 2: approach: died (383 frames)
  attempt 3: approach: died (567 frames)
  attempt 1: approach: died (569 frames)
  attempt 5: approach: died (385 frames)
=== attempt 1 (2026-10-01 12:49:00) ===
resumed checkpoint 'ws_0a': 22171 frames, f22171 mode=05/00 L0 room=0a pos=(208,221) dir=8 hp=3.5/5 rup=40 sword=1 lag=4561
resuming after 61 segments
  attempt 2: approach: died (383 frames)
  attempt 3: approach: died (567 frames)
  attempt 1: approach: died (569 frames)
  attempt 5: approach: died (385 frames)
  attempt 6: approach: died (570 frames)
  attempt 7: success 1203 frames, hearts 1.5
  attempt 8: approach: died (582 frames)
  attempt 9: approach: died (389 frames)
  attempt 10: approach: died (468 frames)
  attempt 4: approach: died (1842 frames)
  attempt 13: approach: died (418 frames)
  attempt 14: approach: died (572 frames)
  (accept-after 8: took the 1203-frame line after 14 attempts (8 without improvement) - flagged for a later pass)
  attempt 12: approach: died (1842 frames)
=== attempt 1 (2026-10-01 12:58:16) ===
resumed checkpoint 'ws_0a': 22171 frames, f22171 mode=05/00 L0 room=0a pos=(208,221) dir=8 hp=3.5/5 rup=40 sword=1 lag=4561
resuming after 61 segments
  attempt 2: approach: died (383 frames)
  attempt 3: approach: died (567 frames)
  attempt 1: approach: died (569 frames)
  attempt 5: approach: died (385 frames)
  attempt 6: approach: died (570 frames)
  attempt 7: success 1203 frames, hearts 1.5
  attempt 8: approach: died (582 frames)
  attempt 9: approach: died (389 frames)
  attempt 10: approach: died (468 frames)
  attempt 4: approach: died (1842 frames)
  attempt 13: approach: died (418 frames)
  attempt 14: approach: died (572 frames)
  (accept-after 8: took the 1203-frame line after 14 attempts (8 without improvement) - flagged for a later pass)
  attempt 12: approach: died (1842 frames)
  flagged white_sword for a later improvement pass (took the 1203-frame line after 14 attempts (8 without improvement)); 8 flagged in flagged.json
[white_sword] 1203 frames, hearts 1.5 -> f23374 mode=05/00 L0 room=0a pos=(32,91) dir=4 hp=1.5/5 rup=40 sword=2 lag=4620 (total 23374 frames, 764s wall)
  attempt 2: nav: Link died at f23595 mode=11/00 L0 room=0 (221 frames)
  attempt 1: nav: Link died at f23592 mode=11/00 L0 room=0 (218 frames)
  attempt 4: success 400 frames, hearts 1.5
  attempt 6: nav: Link died at f23620 mode=11/00 L0 room=0 (246 frames)
  attempt 7: nav: Link died at f23597 mode=11/00 L0 room=0 (223 frames)
  attempt 8: nav: Link died at f23596 mode=11/00 L0 room=0 (222 frames)
  attempt 9: nav: Link died at f23592 mode=11/00 L0 room=0 (218 frames)
  attempt 10: nav: Link died at f23594 mode=11/00 L0 room=0 (220 frames)
  attempt 12: nav: Link died at f23596 mode=11/00 L0 room=0 (222 frames)
  (accept-after 8: took the 400-frame line after 11 attempts (8 without improvement) - flagged for a later pass)
  attempt 13: nav: Link died at f23597 mode=11/00 L0 room=0 (223 frames)
  attempt 14: nav: Link died at f23596 mode=11/00 L0 room=0 (222 frames)
  flagged l4w00_1a for a later improvement pass (took the 400-frame line after 11 attempts (8 without improvement)); 9 flagged in flagged.json
[l4w00_1a] 400 frames, hearts 1.5 -> f23774 mode=05/00 L0 room=1a pos=(208,61) dir=4 hp=1.5/5 rup=40 sword=2 lag=4670 (total 23774 frames, 791s wall)
  attempt 2: success 485 frames, hearts 1.0
  converged: 3 of 4 scouts within 20 frames of 485 - taking it
  attempt 1: success 463 frames, hearts 1.5
[ws_19] 463 frames, hearts 1.5 -> f24237 mode=05/00 L0 room=19 pos=(240,149) dir=2 hp=1.5/5 rup=40 sword=2 lag=4741 (total 24237 frames, 811s wall)
  attempt 2: success 328 frames, hearts 1.5
  converged: 3 of 4 scouts within 20 frames of 328 - taking it
[l4w04_18] 328 frames, hearts 1.5 -> f24565 mode=05/00 L0 room=18 pos=(240,141) dir=2 hp=1.5/5 rup=40 sword=2 lag=4812 (total 24565 frames, 828s wall)
  attempt 4: success 327 frames, hearts 1.0
  attempt 2: success 342 frames, hearts 1.5
  converged: 3 of 4 scouts within 20 frames of 342 - taking it
[l4w05_17] 342 frames, hearts 1.5 -> f24907 mode=05/00 L0 room=17 pos=(240,149) dir=2 hp=1.5/5 rup=40 sword=2 lag=4883 (total 24907 frames, 842s wall)
  attempt 2: success 223 frames, hearts 1.5
  converged: 3 of 4 scouts within 20 frames of 223 - taking it
[l4w06_27] 223 frames, hearts 1.5 -> f25130 mode=05/00 L0 room=27 pos=(128,61) dir=4 hp=1.5/5 rup=40 sword=2 lag=4933 (total 25130 frames, 853s wall)
  attempt 1: success 263 frames, hearts 1.5
  attempt 2: success 252 frames, hearts 1.5
  converged: 3 of 4 scouts within 20 frames of 252 - taking it
[l4w07_28] 252 frames, hearts 1.5 -> f25382 mode=05/00 L0 room=28 pos=(0,141) dir=1 hp=1.5/5 rup=40 sword=2 lag=5004 (total 25382 frames, 865s wall)
  attempt 2: success 231 frames, hearts 1.5
  converged: 3 of 4 scouts within 20 frames of 231 - taking it
[l4w08_38] 231 frames, hearts 1.5 -> f25613 mode=05/00 L0 room=38 pos=(112,61) dir=4 hp=1.5/5 rup=40 sword=2 lag=5054 (total 25613 frames, 875s wall)
  attempt 2: success 243 frames, hearts 1.5
  converged: 3 of 4 scouts within 20 frames of 243 - taking it
[l4w09_48] 243 frames, hearts 1.5 -> f25856 mode=05/00 L0 room=48 pos=(112,61) dir=4 hp=1.5/5 rup=40 sword=2 lag=5104 (total 25856 frames, 890s wall)
  attempt 1: success 262 frames, hearts 1.5
  attempt 4: success 259 frames, hearts 1.5
  converged: 3 of 4 scouts within 20 frames of 259 - taking it
[l4w10_47] 259 frames, hearts 1.5 -> f26115 mode=05/00 L0 room=47 pos=(240,141) dir=2 hp=1.5/5 rup=40 sword=2 lag=5175 (total 26115 frames, 900s wall)
  attempt 2: success 814 frames, hearts 2.0
  converged: 3 of 4 scouts within 20 frames of 814 - taking it
  attempt 1: success 812 frames, hearts 2.0
[h47_heart] 812 frames, hearts 2.0 -> f26927 mode=05/00 L0 room=47 pos=(176,157) dir=4 hp=2.0/6 rup=40 sword=2 lag=5234 (total 26927 frames, 938s wall)
  attempt 2: success 239 frames, hearts 2.0
  converged: 3 of 4 scouts within 20 frames of 239 - taking it
[l4w11_46] 239 frames, hearts 2.0 -> f27166 mode=05/00 L0 room=46 pos=(240,157) dir=2 hp=2.0/6 rup=40 sword=2 lag=5305 (total 27166 frames, 948s wall)
  attempt 2: success 217 frames, hearts 2.0
  converged: 3 of 4 scouts within 20 frames of 217 - taking it
[l4w12_56] 217 frames, hearts 2.0 -> f27383 mode=05/00 L0 room=56 pos=(128,61) dir=4 hp=2.0/6 rup=40 sword=2 lag=5355 (total 27383 frames, 956s wall)
  attempt 2: success 263 frames, hearts 2.0
  converged: 3 of 4 scouts within 20 frames of 263 - taking it
[l4w13_55] 263 frames, hearts 2.0 -> f27646 mode=05/00 L0 room=55 pos=(240,141) dir=2 hp=2.0/6 rup=40 sword=2 lag=5426 (total 27646 frames, 967s wall)
  attempt 2: success 256 frames, hearts 1.5
  attempt 5: success 265 frames, hearts 2.0
  converged: 3 of 4 scouts within 20 frames of 265 - taking it
  attempt 10: success 264 frames, hearts 2.0
[l4_sail] 264 frames, hearts 2.0 -> f27910 mode=05/00 L0 room=45 pos=(128,221) dir=8 hp=2.0/6 rup=40 sword=2 lag=5478 (total 27910 frames, 983s wall)
  attempt 2: success 271 frames, hearts 2.0
  converged: 3 of 4 scouts within 20 frames of 271 - taking it
[enter_L4] 271 frames, hearts 2.0 -> f28181 mode=05/00 L4 room=71 pos=(120,205) dir=8 hp=2.0/6 rup=40 sword=2 lag=5497 (total 28181 frames, 993s wall)
  attempt 2: success 322 frames, hearts 2.0
  converged: 3 of 4 scouts within 20 frames of 322 - taking it
[l4_70] 322 frames, hearts 2.0 -> f28503 mode=05/00 L4 room=70 pos=(224,141) dir=2 hp=2.0/6 rup=40 sword=2 lag=5633 (total 28503 frames, 1005s wall)
  attempt 2: done (929 frames)
  attempt 4: success 962 frames, hearts 2.0
  attempt 3: success 924 frames, hearts 2.0
  attempt 1: success 884 frames, hearts 2.0
  attempt 5: success 744 frames, hearts 2.0
  attempt 6: success 726 frames, hearts 2.0
  attempt 7: success 703 frames, hearts 2.0
  attempt 9: done (909 frames)
  attempt 10: done (773 frames)
  attempt 12: done (873 frames)
  attempt 13: success 698 frames, hearts 2.0
  attempt 16: done (893 frames)
  scout 1 lost its emulator (bridge connection lost at 13:52:13: EmuHawk exit code 1 (0x0); that worker is done
  scout 0 lost its emulator (bridge connection lost at 13:52:13: EmuHawk exit code 1 (0x0); that worker is done
  scout 2 lost its emulator (bridge connection lost at 13:52:13: EmuHawk exit code 1 (0x0); that worker is done
  scout 3 lost its emulator (bridge connection lost at 13:52:13: EmuHawk exit code 1 (0x0); that worker is done
  4 of 4 scouts lost their emulator mid-search; the remaining 0 covered the phase window between them
Traceback (most recent call last):
  File "/home/cmayfield/code/games/aibeatszelda/src/fullgame.py", line 3164, in <module>
    main()
    ~~~~^^
  File "/home/cmayfield/code/games/aibeatszelda/src/fullgame.py", line 3143, in main
    run.segment(name, factory, success, tries=tries, max_frames=3000)
    ~~~~~~~~~~~^^^^^^^^^^^^^^^^^^^^^^^^^^^^^^^^^^^^^^^^^^^^^^^^^^^^^^
  File "/home/cmayfield/code/games/aibeatszelda/src/zelda/runner.py", line 547, in segment
    if keep < len(best.inputs):
        ^^^^^^^^^^^^^^^
  File "/home/cmayfield/code/games/aibeatszelda/src/zelda/emulator.py", line 268, in step
    resp = self.cmd(f"step {frames} {','.join(btn) or '-'}")
  File "/home/cmayfield/code/games/aibeatszelda/src/zelda/emulator.py", line 252, in cmd
    raise RuntimeError(f"bridge connection lost at {_time.strftime('%H:%M:%S')}: EmuHawk {how}; "
                       f"log {getattr(self._logfile, 'name', '?')}")
RuntimeError: bridge connection lost at 13:52:43: EmuHawk exit code -6 (0xFFFFFFFA); log /home/cmayfield/code/games/aibeatszelda/src/logs/gleeok_main.log
=== died silently (exit 1, 2026-10-01 13:52:43); resuming ===
=== attempt 2 (2026-10-01 13:52:48) ===
Traceback (most recent call last):
  File "/home/cmayfield/code/games/aibeatszelda/src/zelda/emulator.py", line 219, in __init__
    self.conn, _ = srv.accept()
                   ~~~~~~~~~~^^
  File "/usr/lib/python3.14/socket.py", line 298, in accept
    fd, addr = self._accept()
               ~~~~~~~~~~~~^^
TimeoutError: timed out

During handling of the above exception, another exception occurred:

Traceback (most recent call last):
  File "/home/cmayfield/code/games/aibeatszelda/src/fullgame.py", line 3164, in <module>
    main()
    ~~~~^^
  File "/home/cmayfield/code/games/aibeatszelda/src/fullgame.py", line 3084, in main
    with Run(RUN_NAME, log=P) as run:
         ~~~^^^^^^^^^^^^^^^^^
  File "/home/cmayfield/code/games/aibeatszelda/src/zelda/runner.py", line 169, in __enter__
    self.open()
    ~~~~~~~~~^^
  File "/home/cmayfield/code/games/aibeatszelda/src/zelda/runner.py", line 147, in open
    self.main = BizHawk(log_name=f"{self.name}_main.log", record=self.name if self.record else None)
                ~~~~~~~^^^^^^^^^^^^^^^^^^^^^^^^^^^^^^^^^^^^^^^^^^^^^^^^^^^^^^^^^^^^^^^^^^^^^^^^^^^^^
  File "/home/cmayfield/code/games/aibeatszelda/src/zelda/emulator.py", line 222, in __init__
    raise RuntimeError("EmuHawk never connected to the bridge; see " + str(LOGS_DIR / log_name))
RuntimeError: EmuHawk never connected to the bridge; see /home/cmayfield/code/games/aibeatszelda/src/logs/gleeok_main.log
=== died silently (exit 1, 2026-10-01 13:53:48); resuming ===
=== attempt 3 (2026-10-01 13:53:53) ===
Traceback (most recent call last):
  File "/home/cmayfield/code/games/aibeatszelda/src/zelda/emulator.py", line 219, in __init__
    self.conn, _ = srv.accept()
                   ~~~~~~~~~~^^
  File "/usr/lib/python3.14/socket.py", line 298, in accept
    fd, addr = self._accept()
               ~~~~~~~~~~~~^^
TimeoutError: timed out

During handling of the above exception, another exception occurred:

Traceback (most recent call last):
  File "/home/cmayfield/code/games/aibeatszelda/src/fullgame.py", line 3164, in <module>
    main()
    ~~~~^^
  File "/home/cmayfield/code/games/aibeatszelda/src/fullgame.py", line 3084, in main
    with Run(RUN_NAME, log=P) as run:
         ~~~^^^^^^^^^^^^^^^^^
  File "/home/cmayfield/code/games/aibeatszelda/src/zelda/runner.py", line 169, in __enter__
    self.open()
    ~~~~~~~~~^^
  File "/home/cmayfield/code/games/aibeatszelda/src/zelda/runner.py", line 147, in open
    self.main = BizHawk(log_name=f"{self.name}_main.log", record=self.name if self.record else None)
                ~~~~~~~^^^^^^^^^^^^^^^^^^^^^^^^^^^^^^^^^^^^^^^^^^^^^^^^^^^^^^^^^^^^^^^^^^^^^^^^^^^^^
  File "/home/cmayfield/code/games/aibeatszelda/src/zelda/emulator.py", line 222, in __init__
    raise RuntimeError("EmuHawk never connected to the bridge; see " + str(LOGS_DIR / log_name))
RuntimeError: EmuHawk never connected to the bridge; see /home/cmayfield/code/games/aibeatszelda/src/logs/gleeok_main.log
=== died silently (exit 1, 2026-10-01 13:54:54); resuming ===
=== attempt 4 (2026-10-01 13:54:59) ===
Traceback (most recent call last):
  File "/home/cmayfield/code/games/aibeatszelda/src/zelda/emulator.py", line 219, in __init__
    self.conn, _ = srv.accept()
                   ~~~~~~~~~~^^
  File "/usr/lib/python3.14/socket.py", line 298, in accept
    fd, addr = self._accept()
               ~~~~~~~~~~~~^^
TimeoutError: timed out

During handling of the above exception, another exception occurred:

Traceback (most recent call last):
  File "/home/cmayfield/code/games/aibeatszelda/src/fullgame.py", line 3164, in <module>
    main()
    ~~~~^^
  File "/home/cmayfield/code/games/aibeatszelda/src/fullgame.py", line 3084, in main
    with Run(RUN_NAME, log=P) as run:
         ~~~^^^^^^^^^^^^^^^^^
  File "/home/cmayfield/code/games/aibeatszelda/src/zelda/runner.py", line 169, in __enter__
    self.open()
    ~~~~~~~~~^^
  File "/home/cmayfield/code/games/aibeatszelda/src/zelda/runner.py", line 147, in open
    self.main = BizHawk(log_name=f"{self.name}_main.log", record=self.name if self.record else None)
                ~~~~~~~^^^^^^^^^^^^^^^^^^^^^^^^^^^^^^^^^^^^^^^^^^^^^^^^^^^^^^^^^^^^^^^^^^^^^^^^^^^^^
  File "/home/cmayfield/code/games/aibeatszelda/src/zelda/emulator.py", line 222, in __init__
    raise RuntimeError("EmuHawk never connected to the bridge; see " + str(LOGS_DIR / log_name))
RuntimeError: EmuHawk never connected to the bridge; see /home/cmayfield/code/games/aibeatszelda/src/logs/gleeok_main.log
=== died silently (exit 1, 2026-10-01 13:55:59); resuming ===
=== attempt 5 (2026-10-01 13:56:04) ===
=== attempt 1 (2026-10-01 13:57:18) ===
resumed checkpoint 'l4_70': 28503 frames, f28503 mode=05/00 L4 room=70 pos=(224,141) dir=2 hp=2.0/6 rup=40 sword=2 lag=5633
resuming after 78 segments
  attempt 2: done (929 frames)
  attempt 4: success 962 frames, hearts 2.0
  attempt 1: success 884 frames, hearts 2.0
  attempt 5: success 744 frames, hearts 2.0
  attempt 6: success 726 frames, hearts 2.0
  attempt 7: success 703 frames, hearts 2.0
  attempt 9: done (909 frames)
  attempt 10: done (773 frames)
  attempt 12: done (873 frames)
  attempt 13: success 698 frames, hearts 2.0
  attempt 16: done (893 frames)
  attempt 21: done (888 frames)
  (accept-after 8: took the 698-frame line after 21 attempts (8 without improvement) - flagged for a later pass)
  attempt 20: error: ValueError: non-hexadecimal number found in f (483 frames)
  attempt 24: done (894 frames)
  flagged l4_70_key for a later improvement pass (took the 698-frame line after 21 attempts (8 without improvement)); 10 flagged in flagged.json
[l4_70_key] 698 frames, hearts 2.0 -> f29201 mode=05/00 L4 room=71 pos=(16,141) dir=1 hp=2.0/6 rup=40 sword=2 lag=5769 (total 29201 frames, 1621s wall)
  attempt 2: success 284 frames, hearts 2.0
  converged: 3 of 4 scouts within 20 frames of 284 - taking it
  attempt 6: error: ValueError: invalid literal for int() with ba (18 frames)
  attempt 5: error: ValueError: invalid literal for int() with ba (40 frames)
[l4_61] 284 frames, hearts 2.0 -> f29485 mode=05/00 L4 room=61 pos=(120,205) dir=8 hp=2.0/6 rup=40 sword=2 lag=5866 (total 29485 frames, 1634s wall)
  attempt 2: success 344 frames, hearts 1.0
  attempt 5: nav: Link died at f29722 mode=11/00 L4 room=6 (237 frames)
  attempt 6: success 342 frames, hearts 1.0
  attempt 7: success 337 frames, hearts 1.0
  converged: 3 of 4 scouts within 20 frames of 337 - taking it
  attempt 8: error: ValueError: invalid literal for int() with ba (199 frames)
  attempt 9: success 330 frames, hearts 2.0
Exception in thread Thread-12 (work):
Traceback (most recent call last):
  File "/usr/lib/python3.14/threading.py", line 1082, in _bootstrap_inner
    self._context.run(self.run)
    ~~~~~~~~~~~~~~~~~^^^^^^^^^^
  File "/usr/lib/python3.14/threading.py", line 1024, in run
    self._target(*self._args, **self._kwargs)
    ~~~~~~~~~~~~^^^^^^^^^^^^^^^^^^^^^^^^^^^^^
  File "/home/cmayfield/code/games/aibeatszelda/src/zelda/search.py", line 454, in work
    s = emu.state()
  File "/home/cmayfield/code/games/aibeatszelda/src/zelda/emulator.py", line 283, in state
    return State.parse(self.cmd("state"))
                       ~~~~~~~~^^^^^^^^^
  File "/home/cmayfield/code/games/aibeatszelda/src/zelda/emulator.py", line 240, in cmd
    resp = self._rf.readline()
  File "/usr/lib/python3.14/socket.py", line 729, in readinto
    return self._sock.recv_into(b)
           ~~~~~~~~~~~~~~~~~~~~^^^
TimeoutError: timed out
[l4_51] 330 frames, hearts 2.0 -> f29815 mode=05/00 L4 room=51 pos=(120,205) dir=8 hp=2.0/6 rup=40 sword=2 lag=5963 (total 29815 frames, 1769s wall)
Exception in thread Thread-16 (work):
Traceback (most recent call last):
  File "/usr/lib/python3.14/threading.py", line 1082, in _bootstrap_inner
    self._context.run(self.run)
    ~~~~~~~~~~~~~~~~~^^^^^^^^^^
  File "/usr/lib/python3.14/threading.py", line 1024, in run
    self._target(*self._args, **self._kwargs)
    ~~~~~~~~~~~~^^^^^^^^^^^^^^^^^^^^^^^^^^^^^
  File "/home/cmayfield/code/games/aibeatszelda/src/zelda/search.py", line 393, in work
    s_start = emu.load(state_name)
  File "/home/cmayfield/code/games/aibeatszelda/src/zelda/emulator.py", line 310, in load
    r = self.cmd(f"load {p}")
  File "/home/cmayfield/code/games/aibeatszelda/src/zelda/emulator.py", line 240, in cmd
    resp = self._rf.readline()
  File "/usr/lib/python3.14/socket.py", line 727, in readinto
    raise OSError("cannot read from timed out object")
OSError: cannot read from timed out object
  attempt 2: success 1037 frames, hearts 2.0
  attempt 3: success 1029 frames, hearts 2.0
  attempt 1: success 1026 frames, hearts 2.0
  converged: 3 of 4 scouts within 20 frames of 1026 - taking it
  attempt 5: success 993 frames, hearts 2.0
[l4_51_key] 993 frames, hearts 2.0 -> f30808 mode=05/00 L4 room=50 pos=(224,141) dir=2 hp=2.0/6 rup=40 sword=2 lag=6100 (total 30808 frames, 2031s wall)
Exception in thread Thread-20 (work):
Traceback (most recent call last):
  File "/usr/lib/python3.14/threading.py", line 1082, in _bootstrap_inner
    self._context.run(self.run)
    ~~~~~~~~~~~~~~~~~^^^^^^^^^^
  File "/usr/lib/python3.14/threading.py", line 1024, in run
    self._target(*self._args, **self._kwargs)
    ~~~~~~~~~~~~^^^^^^^^^^^^^^^^^^^^^^^^^^^^^
  File "/home/cmayfield/code/games/aibeatszelda/src/zelda/search.py", line 393, in work
    s_start = emu.load(state_name)
  File "/home/cmayfield/code/games/aibeatszelda/src/zelda/emulator.py", line 310, in load
    r = self.cmd(f"load {p}")
  File "/home/cmayfield/code/games/aibeatszelda/src/zelda/emulator.py", line 240, in cmd
    resp = self._rf.readline()
  File "/usr/lib/python3.14/socket.py", line 727, in readinto
    raise OSError("cannot read from timed out object")
OSError: cannot read from timed out object
  attempt 1: nav: Link died at f31110 mode=11/01 L4 room=5 (302 frames)
  attempt 3: nav: Link died at f31139 mode=11/00 L4 room=5 (331 frames)
  attempt 2: success 587 frames, hearts 0.5
  attempt 5: success 563 frames, hearts 1.5
  attempt 6: success 508 frames, hearts 1.5
  attempt 8: success 487 frames, hearts 2.0
  attempt 12: nav: no path to the Up door from (128,101) ev (292 frames)
  attempt 17: success 469 frames, hearts 2.0
  (accept-after 8: took the 469-frame line after 22 attempts (8 without improvement) - flagged for a later pass)
  attempt 25: nav: no path to the Up door from (128,101) ev (349 frames)
  flagged l4_40 for a later improvement pass (took the 469-frame line after 22 attempts (8 without improvement)); 11 flagged in flagged.json
[l4_40] 469 frames, hearts 2.0 -> f31277 mode=05/00 L4 room=40 pos=(120,205) dir=8 hp=2.0/6 rup=40 sword=2 lag=6198 (total 31277 frames, 2098s wall)
Exception in thread Thread-24 (work):
Traceback (most recent call last):
  File "/usr/lib/python3.14/threading.py", line 1082, in _bootstrap_inner
    self._context.run(self.run)
    ~~~~~~~~~~~~~~~~~^^^^^^^^^^
  File "/usr/lib/python3.14/threading.py", line 1024, in run
    self._target(*self._args, **self._kwargs)
    ~~~~~~~~~~~~^^^^^^^^^^^^^^^^^^^^^^^^^^^^^
  File "/home/cmayfield/code/games/aibeatszelda/src/zelda/search.py", line 393, in work
    s_start = emu.load(state_name)
  File "/home/cmayfield/code/games/aibeatszelda/src/zelda/emulator.py", line 310, in load
    r = self.cmd(f"load {p}")
  File "/home/cmayfield/code/games/aibeatszelda/src/zelda/emulator.py", line 240, in cmd
    resp = self._rf.readline()
  File "/usr/lib/python3.14/socket.py", line 727, in readinto
    raise OSError("cannot read from timed out object")
OSError: cannot read from timed out object
  attempt 2: success 515 frames, hearts 2.0
  converged: 3 of 4 scouts within 20 frames of 515 - taking it
  attempt 5: success 511 frames, hearts 2.0
[l4_40_key] 511 frames, hearts 2.0 -> f31788 mode=05/00 L4 room=30 pos=(120,205) dir=8 hp=2.0/6 rup=45 sword=2 lag=6296 (total 31788 frames, 2108s wall)
Exception in thread Thread-28 (work):
Traceback (most recent call last):
  File "/usr/lib/python3.14/threading.py", line 1082, in _bootstrap_inner
    self._context.run(self.run)
    ~~~~~~~~~~~~~~~~~^^^^^^^^^^
  File "/usr/lib/python3.14/threading.py", line 1024, in run
    self._target(*self._args, **self._kwargs)
    ~~~~~~~~~~~~^^^^^^^^^^^^^^^^^^^^^^^^^^^^^
  File "/home/cmayfield/code/games/aibeatszelda/src/zelda/search.py", line 393, in work
    s_start = emu.load(state_name)
  File "/home/cmayfield/code/games/aibeatszelda/src/zelda/emulator.py", line 310, in load
    r = self.cmd(f"load {p}")
  File "/home/cmayfield/code/games/aibeatszelda/src/zelda/emulator.py", line 240, in cmd
    resp = self._rf.readline()
  File "/usr/lib/python3.14/socket.py", line 727, in readinto
    raise OSError("cannot read from timed out object")
OSError: cannot read from timed out object
  attempt 1: success 425 frames, hearts 2.0
  attempt 7: success 423 frames, hearts 2.0
  converged: 3 of 4 scouts within 20 frames of 423 - taking it
Exception in thread Thread-26 (work):
Traceback (most recent call last):
  File "/usr/lib/python3.14/threading.py", line 1082, in _bootstrap_inner
    self._context.run(self.run)
    ~~~~~~~~~~~~~~~~~^^^^^^^^^^
  File "/usr/lib/python3.14/threading.py", line 1024, in run
    self._target(*self._args, **self._kwargs)
    ~~~~~~~~~~~~^^^^^^^^^^^^^^^^^^^^^^^^^^^^^
  File "/home/cmayfield/code/games/aibeatszelda/src/zelda/search.py", line 454, in work
    s = emu.state()
  File "/home/cmayfield/code/games/aibeatszelda/src/zelda/emulator.py", line 283, in state
    return State.parse(self.cmd("state"))
                       ~~~~~~~~^^^^^^^^^
  File "/home/cmayfield/code/games/aibeatszelda/src/zelda/emulator.py", line 240, in cmd
    resp = self._rf.readline()
  File "/usr/lib/python3.14/socket.py", line 727, in readinto
    raise OSError("cannot read from timed out object")
OSError: cannot read from timed out object
[l4_31] 423 frames, hearts 2.0 -> f32211 mode=05/00 L4 room=31 pos=(16,141) dir=1 hp=2.0/6 rup=45 sword=2 lag=6432 (total 32211 frames, 2238s wall)
Exception in thread Thread-30 (work):
Traceback (most recent call last):
Exception in thread Thread-32 (work):
  File "/usr/lib/python3.14/threading.py", line 1082, in _bootstrap_inner
    self._context.run(self.run)
    ~~~~~~~~~~~~~~~~~^^^^^^^^^^
  File "/usr/lib/python3.14/threading.py", line 1024, in run
    self._target(*self._args, **self._kwargs)
    ~~~~~~~~~~~~^^^^^^^^^^^^^^^^^^^^^^^^^^^^^
  File "/home/cmayfield/code/games/aibeatszelda/src/zelda/search.py", line 393, in work
    s_start = emu.load(state_name)
  File "/home/cmayfield/code/games/aibeatszelda/src/zelda/emulator.py", line 310, in load
    r = self.cmd(f"load {p}")
  File "/home/cmayfield/code/games/aibeatszelda/src/zelda/emulator.py", line 240, in cmd
    resp = self._rf.readline()
Traceback (most recent call last):
  File "/usr/lib/python3.14/socket.py", line 727, in readinto
    raise OSError("cannot read from timed out object")
OSError: cannot read from timed out object
  File "/usr/lib/python3.14/threading.py", line 1082, in _bootstrap_inner
    self._context.run(self.run)
    ~~~~~~~~~~~~~~~~~^^^^^^^^^^
  File "/usr/lib/python3.14/threading.py", line 1024, in run
    self._target(*self._args, **self._kwargs)
    ~~~~~~~~~~~~^^^^^^^^^^^^^^^^^^^^^^^^^^^^^
  File "/home/cmayfield/code/games/aibeatszelda/src/zelda/search.py", line 393, in work
    s_start = emu.load(state_name)
  File "/home/cmayfield/code/games/aibeatszelda/src/zelda/emulator.py", line 310, in load
    r = self.cmd(f"load {p}")
  File "/home/cmayfield/code/games/aibeatszelda/src/zelda/emulator.py", line 240, in cmd
    resp = self._rf.readline()
  File "/usr/lib/python3.14/socket.py", line 727, in readinto
    raise OSError("cannot read from timed out object")
OSError: cannot read from timed out object
  attempt 3: success 1146 frames, hearts 2.0
  attempt 1: timeout (3026 frames)
  attempt 6: timeout (3036 frames)
  attempt 8: timeout (3021 frames)
  attempt 10: timeout (3037 frames)
  attempt 11: timeout (3025 frames)
  (accept-after 8: took the 1146-frame line after 9 attempts (8 without improvement) - flagged for a later pass)
  attempt 12: timeout (3036 frames)
  flagged l4_32 for a later improvement pass (took the 1146-frame line after 9 attempts (8 without improvement)); 12 flagged in flagged.json
[l4_32] 1146 frames, hearts 2.0 -> f33357 mode=05/00 L4 room=32 pos=(16,141) dir=1 hp=2.0/6 rup=45 sword=2 lag=6568 (total 33357 frames, 7248s wall)
Exception in thread Thread-34 (work):
Traceback (most recent call last):
  File "/usr/lib/python3.14/threading.py", line 1082, in _bootstrap_inner
    self._context.run(self.run)
    ~~~~~~~~~~~~~~~~~^^^^^^^^^^
  File "/usr/lib/python3.14/threading.py", line 1024, in run
    self._target(*self._args, **self._kwargs)
    ~~~~~~~~~~~~^^^^^^^^^^^^^^^^^^^^^^^^^^^^^
  File "/home/cmayfield/code/games/aibeatszelda/src/zelda/search.py", line 393, in work
    s_start = emu.load(state_name)
  File "/home/cmayfield/code/games/aibeatszelda/src/zelda/emulator.py", line 310, in load
    r = self.cmd(f"load {p}")
  File "/home/cmayfield/code/games/aibeatszelda/src/zelda/emulator.py", line 240, in cmd
    resp = self._rf.readline()
  File "/usr/lib/python3.14/socket.py", line 727, in readinto
    raise OSError("cannot read from timed out object")
OSError: cannot read from timed out object
Exception in thread Thread-36 (work):
Traceback (most recent call last):
  File "/usr/lib/python3.14/threading.py", line 1082, in _bootstrap_inner
    self._context.run(self.run)
    ~~~~~~~~~~~~~~~~~^^^^^^^^^^
  File "/usr/lib/python3.14/threading.py", line 1024, in run
    self._target(*self._args, **self._kwargs)
    ~~~~~~~~~~~~^^^^^^^^^^^^^^^^^^^^^^^^^^^^^
  File "/home/cmayfield/code/games/aibeatszelda/src/zelda/search.py", line 393, in work
    s_start = emu.load(state_name)
  File "/home/cmayfield/code/games/aibeatszelda/src/zelda/emulator.py", line 310, in load
    r = self.cmd(f"load {p}")
  File "/home/cmayfield/code/games/aibeatszelda/src/zelda/emulator.py", line 240, in cmd
    resp = self._rf.readline()
  File "/usr/lib/python3.14/socket.py", line 727, in readinto
    raise OSError("cannot read from timed out object")
OSError: cannot read from timed out object
  attempt 3: timeout (2532 frames)
  attempt 1: timeout (2525 frames)
=== attempt 1 (2026-10-01 16:27:17) ===
resumed checkpoint 'l4_32': 33357 frames, f33357 mode=05/00 L4 room=32 pos=(16,141) dir=1 hp=2.0/6 rup=45 sword=2 lag=6568
resuming after 86 segments
  attempt 4: timeout (2533 frames)
  attempt 3: timeout (2532 frames)
  attempt 1: timeout (2525 frames)
  attempt 2: timeout (2528 frames)
  attempt 7: success 1975 frames, hearts 1.0
  attempt 5: timeout (2532 frames)
  attempt 9: success 1157 frames, hearts 2.0
  attempt 8: timeout (1899 frames)
  attempt 6: timeout (2537 frames)
  attempt 13: success 799 frames, hearts 2.0
  attempt 14: success 1691 frames, hearts 3.0
  attempt 10: timeout (2450 frames)
  attempt 11: timeout (2523 frames)
  attempt 12: timeout (2524 frames)
  attempt 15: timeout (2532 frames)
  attempt 17: timeout (2454 frames)
  attempt 18: timeout (2381 frames)
  attempt 16: timeout (2539 frames)
  (accept-after 8: took the 1691-frame line after 19 attempts (8 without improvement) - flagged for a later pass)
  attempt 20: error: ValueError: non-hexadecimal number found in f (228 frames)
  attempt 22: error: ValueError: non-hexadecimal number found in f (86 frames)
  flagged l4_lad_st for a later improvement pass (took the 1691-frame line after 19 attempts (8 without improvement)); 13 flagged in flagged.json
[l4_lad_st] 1691 frames, hearts 3.0 -> f35048 mode=09/09 L4 room=60 pos=(48,65) dir=4 hp=3.0/6 rup=45 sword=2 lag=6570 (total 35048 frames, 7268s wall)
  attempt 4: success 798 frames, hearts 2.5
  (accept-after 8: took the 798-frame line after 9 attempts (8 without improvement) - flagged for a later pass)
Exception in thread Thread-7 (work):
Traceback (most recent call last):
  File "/usr/lib/python3.14/threading.py", line 1082, in _bootstrap_inner
    self._context.run(self.run)
    ~~~~~~~~~~~~~~~~~^^^^^^^^^^
  File "/usr/lib/python3.14/threading.py", line 1024, in run
    self._target(*self._args, **self._kwargs)
    ~~~~~~~~~~~~^^^^^^^^^^^^^^^^^^^^^^^^^^^^^
  File "/home/cmayfield/code/games/aibeatszelda/src/zelda/search.py", line 479, in work
    s = emu.state()
  File "/home/cmayfield/code/games/aibeatszelda/src/zelda/emulator.py", line 283, in state
    return State.parse(self.cmd("state"))
           ~~~~~~~~~~~^^^^^^^^^^^^^^^^^^^
  File "/home/cmayfield/code/games/aibeatszelda/src/zelda/emulator.py", line 136, in parse
    kv[k] = int(v)
            ~~~^^^
ValueError: invalid literal for int() with base 10: ''
  attempt 10: item (1889 frames)
  flagged l4_ladder for a later improvement pass (took the 798-frame line after 9 attempts (8 without improvement)); 14 flagged in flagged.json
[l4_ladder] 798 frames, hearts 2.5 -> f35846 mode=05/00 L4 room=32 pos=(192,189) dir=4 hp=2.5/6 rup=45 sword=2 lag=6573 (total 35846 frames, 7470s wall)
  attempt 1: success 384 frames, hearts 2.5
  (accept-after 8: took the 384-frame line after 9 attempts (8 without improvement) - flagged for a later pass)
  flagged l4_b31 for a later improvement pass (took the 384-frame line after 9 attempts (8 without improvement)); 15 flagged in flagged.json
[l4_b31] 384 frames, hearts 2.5 -> f36230 mode=05/00 L4 room=31 pos=(208,141) dir=2 hp=2.5/6 rup=45 sword=2 lag=6709 (total 36230 frames, 7486s wall)
  attempt 4: success 465 frames, hearts 2.5
  converged: 3 of 4 scouts within 20 frames of 465 - taking it
  attempt 8: error: ValueError: invalid literal for int() with ba (478 frames)
[l4_b30] 465 frames, hearts 2.5 -> f36695 mode=05/00 L4 room=30 pos=(224,141) dir=2 hp=2.5/6 rup=45 sword=2 lag=6846 (total 36695 frames, 7708s wall)
Exception in thread Thread-18 (work):
Traceback (most recent call last):
  File "/usr/lib/python3.14/threading.py", line 1082, in _bootstrap_inner
    self._context.run(self.run)
    ~~~~~~~~~~~~~~~~~^^^^^^^^^^
  File "/usr/lib/python3.14/threading.py", line 1024, in run
    self._target(*self._args, **self._kwargs)
    ~~~~~~~~~~~~^^^^^^^^^^^^^^^^^^^^^^^^^^^^^
  File "/home/cmayfield/code/games/aibeatszelda/src/zelda/search.py", line 479, in work
    s = emu.state()
  File "/home/cmayfield/code/games/aibeatszelda/src/zelda/emulator.py", line 283, in state
    return State.parse(self.cmd("state"))
                       ~~~~~~~~^^^^^^^^^
  File "/home/cmayfield/code/games/aibeatszelda/src/zelda/emulator.py", line 240, in cmd
    resp = self._rf.readline()
  File "/usr/lib/python3.14/socket.py", line 727, in readinto
    raise OSError("cannot read from timed out object")
OSError: cannot read from timed out object
  attempt 1: success 401 frames, hearts 1.5
  attempt 3: success 412 frames, hearts 2.5
  attempt 6: success 409 frames, hearts 2.5
  attempt 4: dash: timeout (724 frames)
  attempt 12: success 376 frames, hearts 2.5
  converged: 3 of 4 scouts within 20 frames of 376 - taking it
  attempt 9: error: ValueError: invalid literal for int() with ba (666 frames)
  attempt 11: dash: timeout (736 frames)
[l4_20] 376 frames, hearts 2.5 -> f37071 mode=05/00 L4 room=20 pos=(120,205) dir=8 hp=2.5/6 rup=45 sword=2 lag=6943 (total 37071 frames, 7777s wall)
Exception in thread Thread-22 (work):
Traceback (most recent call last):
  File "/usr/lib/python3.14/threading.py", line 1082, in _bootstrap_inner
    self._context.run(self.run)
    ~~~~~~~~~~~~~~~~~^^^^^^^^^^
  File "/usr/lib/python3.14/threading.py", line 1024, in run
    self._target(*self._args, **self._kwargs)
    ~~~~~~~~~~~~^^^^^^^^^^^^^^^^^^^^^^^^^^^^^
  File "/home/cmayfield/code/games/aibeatszelda/src/zelda/search.py", line 479, in work
    s = emu.state()
  File "/home/cmayfield/code/games/aibeatszelda/src/zelda/emulator.py", line 283, in state
    return State.parse(self.cmd("state"))
                       ~~~~~~~~^^^^^^^^^
  File "/home/cmayfield/code/games/aibeatszelda/src/zelda/emulator.py", line 240, in cmd
    resp = self._rf.readline()
  File "/usr/lib/python3.14/socket.py", line 727, in readinto
    raise OSError("cannot read from timed out object")
OSError: cannot read from timed out object
  attempt 1: success 382 frames, hearts 1.5
  attempt 3: success 400 frames, hearts 2.5
  attempt 7: success 384 frames, hearts 2.5
  attempt 12: success 382 frames, hearts 2.5
  converged: 3 of 4 scouts within 20 frames of 382 - taking it
Exception in thread Thread-23 (work):
Traceback (most recent call last):
  File "/usr/lib/python3.14/threading.py", line 1082, in _bootstrap_inner
    self._context.run(self.run)
    ~~~~~~~~~~~~~~~~~^^^^^^^^^^
  File "/usr/lib/python3.14/threading.py", line 1024, in run
    self._target(*self._args, **self._kwargs)
    ~~~~~~~~~~~~^^^^^^^^^^^^^^^^^^^^^^^^^^^^^
  File "/home/cmayfield/code/games/aibeatszelda/src/zelda/search.py", line 479, in work
    s = emu.state()
  File "/home/cmayfield/code/games/aibeatszelda/src/zelda/emulator.py", line 283, in state
    return State.parse(self.cmd("state"))
           ~~~~~~~~~~~^^^^^^^^^^^^^^^^^^^
  File "/home/cmayfield/code/games/aibeatszelda/src/zelda/emulator.py", line 136, in parse
    kv[k] = int(v)
            ~~~^^^
ValueError: invalid literal for int() with base 10: ''
[l4_21] 382 frames, hearts 2.5 -> f37453 mode=05/00 L4 room=21 pos=(16,141) dir=1 hp=2.5/6 rup=45 sword=2 lag=7080 (total 37453 frames, 7810s wall)
Exception in thread Thread-26 (work):
Traceback (most recent call last):
  File "/usr/lib/python3.14/threading.py", line 1082, in _bootstrap_inner
    self._context.run(self.run)
    ~~~~~~~~~~~~~~~~~^^^^^^^^^^
  File "/usr/lib/python3.14/threading.py", line 1024, in run
    self._target(*self._args, **self._kwargs)
    ~~~~~~~~~~~~^^^^^^^^^^^^^^^^^^^^^^^^^^^^^
  File "/home/cmayfield/code/games/aibeatszelda/src/zelda/search.py", line 479, in work
    s = emu.state()
  File "/home/cmayfield/code/games/aibeatszelda/src/zelda/emulator.py", line 283, in state
    return State.parse(self.cmd("state"))
                       ~~~~~~~~^^^^^^^^^
  File "/home/cmayfield/code/games/aibeatszelda/src/zelda/emulator.py", line 240, in cmd
    resp = self._rf.readline()
  File "/usr/lib/python3.14/socket.py", line 727, in readinto
    raise OSError("cannot read from timed out object")
OSError: cannot read from timed out object
  attempt 1: success 737 frames, hearts 2.5
  attempt 4: success 734 frames, hearts 2.5
  converged: 3 of 4 scouts within 20 frames of 734 - taking it
  attempt 6: error: ValueError: non-hexadecimal number found in f (65 frames)
[l4_11] 734 frames, hearts 2.5 -> f38187 mode=05/00 L4 room=11 pos=(120,189) dir=8 hp=2.5/6 rup=45 sword=2 lag=7177 (total 38187 frames, 7882s wall)
Exception in thread Thread-30 (work):
Traceback (most recent call last):
  File "/usr/lib/python3.14/threading.py", line 1082, in _bootstrap_inner
    self._context.run(self.run)
    ~~~~~~~~~~~~~~~~~^^^^^^^^^^
  File "/usr/lib/python3.14/threading.py", line 1024, in run
    self._target(*self._args, **self._kwargs)
    ~~~~~~~~~~~~^^^^^^^^^^^^^^^^^^^^^^^^^^^^^
  File "/home/cmayfield/code/games/aibeatszelda/src/zelda/search.py", line 479, in work
    s = emu.state()
  File "/home/cmayfield/code/games/aibeatszelda/src/zelda/emulator.py", line 283, in state
    return State.parse(self.cmd("state"))
                       ~~~~~~~~^^^^^^^^^
  File "/home/cmayfield/code/games/aibeatszelda/src/zelda/emulator.py", line 240, in cmd
    resp = self._rf.readline()
  File "/usr/lib/python3.14/socket.py", line 727, in readinto
    raise OSError("cannot read from timed out object")
OSError: cannot read from timed out object
  attempt 1: success 417 frames, hearts 2.5
  attempt 4: success 414 frames, hearts 2.5
  converged: 3 of 4 scouts within 20 frames of 414 - taking it
  attempt 5: error: ValueError: non-hexadecimal number found in f (11 frames)
[l4_12r] 414 frames, hearts 2.5 -> f38601 mode=05/00 L4 room=12 pos=(32,141) dir=1 hp=2.5/6 rup=48 sword=2 lag=7313 (total 38601 frames, 7913s wall)
Exception in thread Thread-34 (work):
Traceback (most recent call last):
  File "/usr/lib/python3.14/threading.py", line 1082, in _bootstrap_inner
    self._context.run(self.run)
    ~~~~~~~~~~~~~~~~~^^^^^^^^^^
  File "/usr/lib/python3.14/threading.py", line 1024, in run
    self._target(*self._args, **self._kwargs)
    ~~~~~~~~~~~~^^^^^^^^^^^^^^^^^^^^^^^^^^^^^
  File "/home/cmayfield/code/games/aibeatszelda/src/zelda/search.py", line 479, in work
    s = emu.state()
  File "/home/cmayfield/code/games/aibeatszelda/src/zelda/emulator.py", line 283, in state
    return State.parse(self.cmd("state"))
                       ~~~~~~~~^^^^^^^^^
  File "/home/cmayfield/code/games/aibeatszelda/src/zelda/emulator.py", line 240, in cmd
    resp = self._rf.readline()
  File "/usr/lib/python3.14/socket.py", line 727, in readinto
    raise OSError("cannot read from timed out object")
OSError: cannot read from timed out object
  attempt 1: success 2 frames, hearts 2.5
  converged: 3 of 4 scouts within 20 frames of 2 - taking it
[l4_10] 2 frames, hearts 2.5 -> f38603 mode=05/00 L4 room=12 pos=(32,141) dir=1 hp=2.5/6 rup=48 sword=2 lag=7313 (total 38603 frames, 7913s wall)
Exception in thread Thread-38 (work):
Traceback (most recent call last):
  File "/usr/lib/python3.14/threading.py", line 1082, in _bootstrap_inner
    self._context.run(self.run)
    ~~~~~~~~~~~~~~~~~^^^^^^^^^^
  File "/usr/lib/python3.14/threading.py", line 1024, in run
    self._target(*self._args, **self._kwargs)
    ~~~~~~~~~~~~^^^^^^^^^^^^^^^^^^^^^^^^^^^^^
  File "/home/cmayfield/code/games/aibeatszelda/src/zelda/search.py", line 479, in work
    s = emu.state()
  File "/home/cmayfield/code/games/aibeatszelda/src/zelda/emulator.py", line 283, in state
    return State.parse(self.cmd("state"))
                       ~~~~~~~~^^^^^^^^^
  File "/home/cmayfield/code/games/aibeatszelda/src/zelda/emulator.py", line 240, in cmd
    resp = self._rf.readline()
  File "/usr/lib/python3.14/socket.py", line 727, in readinto
    raise OSError("cannot read from timed out object")
OSError: cannot read from timed out object
  attempt 4: success 2 frames, hearts 2.5
  converged: 3 of 4 scouts within 20 frames of 2 - taking it
[l4_00] 2 frames, hearts 2.5 -> f38605 mode=05/00 L4 room=12 pos=(32,141) dir=1 hp=2.5/6 rup=48 sword=2 lag=7313 (total 38605 frames, 7913s wall)
Exception in thread Thread-42 (work):
Traceback (most recent call last):
  File "/usr/lib/python3.14/threading.py", line 1082, in _bootstrap_inner
    self._context.run(self.run)
    ~~~~~~~~~~~~~~~~~^^^^^^^^^^
  File "/usr/lib/python3.14/threading.py", line 1024, in run
    self._target(*self._args, **self._kwargs)
    ~~~~~~~~~~~~^^^^^^^^^^^^^^^^^^^^^^^^^^^^^
  File "/home/cmayfield/code/games/aibeatszelda/src/zelda/search.py", line 479, in work
    s = emu.state()
  File "/home/cmayfield/code/games/aibeatszelda/src/zelda/emulator.py", line 283, in state
    return State.parse(self.cmd("state"))
                       ~~~~~~~~^^^^^^^^^
  File "/home/cmayfield/code/games/aibeatszelda/src/zelda/emulator.py", line 240, in cmd
    resp = self._rf.readline()
  File "/usr/lib/python3.14/socket.py", line 727, in readinto
    raise OSError("cannot read from timed out object")
OSError: cannot read from timed out object
  attempt 1: success 2 frames, hearts 2.5
  converged: 3 of 4 scouts within 20 frames of 2 - taking it
Exception in thread Thread-41 (work):
Traceback (most recent call last):
  File "/usr/lib/python3.14/threading.py", line 1082, in _bootstrap_inner
    self._context.run(self.run)
    ~~~~~~~~~~~~~~~~~^^^^^^^^^^
  File "/usr/lib/python3.14/threading.py", line 1024, in run
    self._target(*self._args, **self._kwargs)
    ~~~~~~~~~~~~^^^^^^^^^^^^^^^^^^^^^^^^^^^^^
  File "/home/cmayfield/code/games/aibeatszelda/src/zelda/search.py", line 479, in work
    s = emu.state()
  File "/home/cmayfield/code/games/aibeatszelda/src/zelda/emulator.py", line 283, in state
    return State.parse(self.cmd("state"))
           ~~~~~~~~~~~^^^^^^^^^^^^^^^^^^^
  File "/home/cmayfield/code/games/aibeatszelda/src/zelda/emulator.py", line 136, in parse
    kv[k] = int(v)
            ~~~^^^
ValueError: invalid literal for int() with base 10: ''
[l4_01] 2 frames, hearts 2.5 -> f38607 mode=05/00 L4 room=12 pos=(32,141) dir=1 hp=2.5/6 rup=48 sword=2 lag=7313 (total 38607 frames, 7913s wall)
Exception in thread Thread-46 (work):
Traceback (most recent call last):
  File "/usr/lib/python3.14/threading.py", line 1082, in _bootstrap_inner
    self._context.run(self.run)
    ~~~~~~~~~~~~~~~~~^^^^^^^^^^
  File "/usr/lib/python3.14/threading.py", line 1024, in run
    self._target(*self._args, **self._kwargs)
    ~~~~~~~~~~~~^^^^^^^^^^^^^^^^^^^^^^^^^^^^^
  File "/home/cmayfield/code/games/aibeatszelda/src/zelda/search.py", line 479, in work
    s = emu.state()
  File "/home/cmayfield/code/games/aibeatszelda/src/zelda/emulator.py", line 283, in state
    return State.parse(self.cmd("state"))
                       ~~~~~~~~^^^^^^^^^
  File "/home/cmayfield/code/games/aibeatszelda/src/zelda/emulator.py", line 240, in cmd
    resp = self._rf.readline()
  File "/usr/lib/python3.14/socket.py", line 727, in readinto
    raise OSError("cannot read from timed out object")
OSError: cannot read from timed out object
  attempt 3: success 2 frames, hearts 2.5
  converged: 3 of 4 scouts within 20 frames of 2 - taking it
[l4_02] 2 frames, hearts 2.5 -> f38609 mode=05/00 L4 room=12 pos=(32,141) dir=1 hp=2.5/6 rup=48 sword=2 lag=7313 (total 38609 frames, 7913s wall)
Exception in thread Thread-50 (work):
Traceback (most recent call last):
  File "/usr/lib/python3.14/threading.py", line 1082, in _bootstrap_inner
    self._context.run(self.run)
    ~~~~~~~~~~~~~~~~~^^^^^^^^^^
  File "/usr/lib/python3.14/threading.py", line 1024, in run
    self._target(*self._args, **self._kwargs)
    ~~~~~~~~~~~~^^^^^^^^^^^^^^^^^^^^^^^^^^^^^
  File "/home/cmayfield/code/games/aibeatszelda/src/zelda/search.py", line 479, in work
    s = emu.state()
  File "/home/cmayfield/code/games/aibeatszelda/src/zelda/emulator.py", line 283, in state
    return State.parse(self.cmd("state"))
                       ~~~~~~~~^^^^^^^^^
  File "/home/cmayfield/code/games/aibeatszelda/src/zelda/emulator.py", line 240, in cmd
    resp = self._rf.readline()
  File "/usr/lib/python3.14/socket.py", line 727, in readinto
    raise OSError("cannot read from timed out object")
OSError: cannot read from timed out object
  attempt 3: success 2 frames, hearts 2.5
  converged: 3 of 4 scouts within 20 frames of 2 - taking it
Exception in thread Thread-49 (work):
Traceback (most recent call last):
  File "/usr/lib/python3.14/threading.py", line 1082, in _bootstrap_inner
    self._context.run(self.run)
    ~~~~~~~~~~~~~~~~~^^^^^^^^^^
  File "/usr/lib/python3.14/threading.py", line 1024, in run
    self._target(*self._args, **self._kwargs)
    ~~~~~~~~~~~~^^^^^^^^^^^^^^^^^^^^^^^^^^^^^
  File "/home/cmayfield/code/games/aibeatszelda/src/zelda/search.py", line 479, in work
    s = emu.state()
  File "/home/cmayfield/code/games/aibeatszelda/src/zelda/emulator.py", line 283, in state
    return State.parse(self.cmd("state"))
                       ~~~~~~~~^^^^^^^^^
  File "/home/cmayfield/code/games/aibeatszelda/src/zelda/emulator.py", line 240, in cmd
    resp = self._rf.readline()
  File "/usr/lib/python3.14/socket.py", line 727, in readinto
    raise OSError("cannot read from timed out object")
OSError: cannot read from timed out object
[l4_12] 2 frames, hearts 2.5 -> f38611 mode=05/00 L4 room=12 pos=(32,141) dir=1 hp=2.5/6 rup=48 sword=2 lag=7313 (total 38611 frames, 8033s wall)
Exception in thread Thread-54 (work):
Exception in thread Thread-53 (work):
Traceback (most recent call last):
Traceback (most recent call last):
  File "/usr/lib/python3.14/threading.py", line 1082, in _bootstrap_inner
    self._context.run(self.run)
    ~~~~~~~~~~~~~~~~~^^^^^^^^^^
  File "/usr/lib/python3.14/threading.py", line 1024, in run
    self._target(*self._args, **self._kwargs)
    ~~~~~~~~~~~~^^^^^^^^^^^^^^^^^^^^^^^^^^^^^
  File "/home/cmayfield/code/games/aibeatszelda/src/zelda/search.py", line 479, in work
    s = emu.state()
  File "/home/cmayfield/code/games/aibeatszelda/src/zelda/emulator.py", line 283, in state
    return State.parse(self.cmd("state"))
                       ~~~~~~~~^^^^^^^^^
  File "/home/cmayfield/code/games/aibeatszelda/src/zelda/emulator.py", line 240, in cmd
    resp = self._rf.readline()
  File "/usr/lib/python3.14/socket.py", line 727, in readinto
    raise OSError("cannot read from timed out object")
OSError: cannot read from timed out object
  File "/usr/lib/python3.14/threading.py", line 1082, in _bootstrap_inner
    self._context.run(self.run)
    ~~~~~~~~~~~~~~~~~^^^^^^^^^^
  File "/usr/lib/python3.14/threading.py", line 1024, in run
    self._target(*self._args, **self._kwargs)
    ~~~~~~~~~~~~^^^^^^^^^^^^^^^^^^^^^^^^^^^^^
  File "/home/cmayfield/code/games/aibeatszelda/src/zelda/search.py", line 479, in work
    s = emu.state()
  File "/home/cmayfield/code/games/aibeatszelda/src/zelda/emulator.py", line 283, in state
    return State.parse(self.cmd("state"))
                       ~~~~~~~~^^^^^^^^^
  File "/home/cmayfield/code/games/aibeatszelda/src/zelda/emulator.py", line 240, in cmd
    resp = self._rf.readline()
  File "/usr/lib/python3.14/socket.py", line 727, in readinto
    raise OSError("cannot read from timed out object")
OSError: cannot read from timed out object
  attempt 3: success 741 frames, hearts 2.5
  attempt 5: success 812 frames, hearts 2.5
  attempt 7: success 903 frames, hearts 3.5
  attempt 8: success 809 frames, hearts 3.5
  attempt 9: success 820 frames, hearts 4.5
  (accept-after 8: took the 820-frame line after 15 attempts (8 without improvement) - flagged for a later pass)
  flagged l4_13 for a later improvement pass (took the 820-frame line after 15 attempts (8 without improvement)); 16 flagged in flagged.json
[l4_13] 820 frames, hearts 4.5 -> f39431 mode=05/00 L4 room=13 pos=(32,141) dir=1 hp=4.5/6 rup=48 sword=2 lag=7449 (total 39431 frames, 9236s wall)
  gleeok is a phase-locked fight: 4 scouts split 0-90 frames between them rather than all drawing from it
Exception in thread Thread-57 (work):
Traceback (most recent call last):
Exception in thread Thread-58 (work):
  File "/usr/lib/python3.14/threading.py", line 1082, in _bootstrap_inner
    self._context.run(self.run)
    ~~~~~~~~~~~~~~~~~^^^^^^^^^^
  File "/usr/lib/python3.14/threading.py", line 1024, in run
    self._target(*self._args, **self._kwargs)
    ~~~~~~~~~~~~^^^^^^^^^^^^^^^^^^^^^^^^^^^^^
  File "/home/cmayfield/code/games/aibeatszelda/src/zelda/search.py", line 479, in work
    s = emu.state()
  File "/home/cmayfield/code/games/aibeatszelda/src/zelda/emulator.py", line 283, in state
    return State.parse(self.cmd("state"))
                       ~~~~~~~~^^^^^^^^^
Traceback (most recent call last):
  File "/home/cmayfield/code/games/aibeatszelda/src/zelda/emulator.py", line 240, in cmd
    resp = self._rf.readline()
  File "/usr/lib/python3.14/socket.py", line 727, in readinto
    raise OSError("cannot read from timed out object")
OSError: cannot read from timed out object
  File "/usr/lib/python3.14/threading.py", line 1082, in _bootstrap_inner
    self._context.run(self.run)
    ~~~~~~~~~~~~~~~~~^^^^^^^^^^
  File "/usr/lib/python3.14/threading.py", line 1024, in run
    self._target(*self._args, **self._kwargs)
    ~~~~~~~~~~~~^^^^^^^^^^^^^^^^^^^^^^^^^^^^^
  File "/home/cmayfield/code/games/aibeatszelda/src/zelda/search.py", line 479, in work
    s = emu.state()
  File "/home/cmayfield/code/games/aibeatszelda/src/zelda/emulator.py", line 283, in state
    return State.parse(self.cmd("state"))
                       ~~~~~~~~^^^^^^^^^
  File "/home/cmayfield/code/games/aibeatszelda/src/zelda/emulator.py", line 240, in cmd
    resp = self._rf.readline()
  File "/usr/lib/python3.14/socket.py", line 727, in readinto
    raise OSError("cannot read from timed out object")
OSError: cannot read from timed out object
  attempt 3: died (2031 frames)
  attempt 4: died (4248 frames)
  attempt 5: success 4189 frames, hearts 1.0
  first success in hand - taking it (a boss success IS the win; see HEARTS_FREE)
  attempt 6: died (3480 frames)
  first success in hand - taking it (a boss success IS the win; see HEARTS_FREE)
[gleeok] 4189 frames, hearts 1.0 -> f43620 mode=05/00 L4 room=13 pos=(144,104) dir=4 hp=1.0/6 rup=48 sword=2 lag=7449 (total 43620 frames, 12460s wall)
Exception in thread Thread-61 (work):
Exception in thread Thread-62 (work):
Traceback (most recent call last):
Traceback (most recent call last):
  File "/usr/lib/python3.14/threading.py", line 1082, in _bootstrap_inner
    self._context.run(self.run)
    ~~~~~~~~~~~~~~~~~^^^^^^^^^^
  File "/usr/lib/python3.14/threading.py", line 1082, in _bootstrap_inner
    self._context.run(self.run)
    ~~~~~~~~~~~~~~~~~^^^^^^^^^^
  File "/usr/lib/python3.14/threading.py", line 1024, in run
    self._target(*self._args, **self._kwargs)
    ~~~~~~~~~~~~^^^^^^^^^^^^^^^^^^^^^^^^^^^^^
  File "/usr/lib/python3.14/threading.py", line 1024, in run
    self._target(*self._args, **self._kwargs)
    ~~~~~~~~~~~~^^^^^^^^^^^^^^^^^^^^^^^^^^^^^
  File "/home/cmayfield/code/games/aibeatszelda/src/zelda/search.py", line 479, in work
    s = emu.state()
  File "/home/cmayfield/code/games/aibeatszelda/src/zelda/search.py", line 479, in work
    s = emu.state()
  File "/home/cmayfield/code/games/aibeatszelda/src/zelda/emulator.py", line 283, in state
    return State.parse(self.cmd("state"))
                       ~~~~~~~~^^^^^^^^^
  File "/home/cmayfield/code/games/aibeatszelda/src/zelda/emulator.py", line 283, in state
    return State.parse(self.cmd("state"))
                       ~~~~~~~~^^^^^^^^^
  File "/home/cmayfield/code/games/aibeatszelda/src/zelda/emulator.py", line 240, in cmd
    resp = self._rf.readline()
  File "/home/cmayfield/code/games/aibeatszelda/src/zelda/emulator.py", line 240, in cmd
    resp = self._rf.readline()
  File "/usr/lib/python3.14/socket.py", line 727, in readinto
    raise OSError("cannot read from timed out object")
  File "/usr/lib/python3.14/socket.py", line 727, in readinto
    raise OSError("cannot read from timed out object")
OSError: cannot read from timed out object
OSError: cannot read from timed out object
  attempt 4: success 121 frames, hearts 2.0
  first success in hand - taking it (a boss success IS the win; see HEARTS_FREE)
  first success in hand - taking it (a boss success IS the win; see HEARTS_FREE)
[l4_heart] 121 frames, hearts 2.0 -> f43741 mode=05/00 L4 room=13 pos=(200,181) dir=1 hp=2.0/7 rup=48 sword=2 lag=7449 (total 43741 frames, 12461s wall)
Exception in thread Thread-65 (work):
Exception in thread Thread-66 (work):
Traceback (most recent call last):
Traceback (most recent call last):
  File "/usr/lib/python3.14/threading.py", line 1082, in _bootstrap_inner
    self._context.run(self.run)
    ~~~~~~~~~~~~~~~~~^^^^^^^^^^
  File "/usr/lib/python3.14/threading.py", line 1082, in _bootstrap_inner
    self._context.run(self.run)
    ~~~~~~~~~~~~~~~~~^^^^^^^^^^
  File "/usr/lib/python3.14/threading.py", line 1024, in run
    self._target(*self._args, **self._kwargs)
    ~~~~~~~~~~~~^^^^^^^^^^^^^^^^^^^^^^^^^^^^^
  File "/usr/lib/python3.14/threading.py", line 1024, in run
    self._target(*self._args, **self._kwargs)
    ~~~~~~~~~~~~^^^^^^^^^^^^^^^^^^^^^^^^^^^^^
  File "/home/cmayfield/code/games/aibeatszelda/src/zelda/search.py", line 479, in work
    s = emu.state()
  File "/home/cmayfield/code/games/aibeatszelda/src/zelda/search.py", line 479, in work
    s = emu.state()
  File "/home/cmayfield/code/games/aibeatszelda/src/zelda/emulator.py", line 283, in state
    return State.parse(self.cmd("state"))
                       ~~~~~~~~^^^^^^^^^
  File "/home/cmayfield/code/games/aibeatszelda/src/zelda/emulator.py", line 283, in state
    return State.parse(self.cmd("state"))
                       ~~~~~~~~^^^^^^^^^
  File "/home/cmayfield/code/games/aibeatszelda/src/zelda/emulator.py", line 240, in cmd
    resp = self._rf.readline()
  File "/usr/lib/python3.14/socket.py", line 727, in readinto
    raise OSError("cannot read from timed out object")
  File "/home/cmayfield/code/games/aibeatszelda/src/zelda/emulator.py", line 240, in cmd
    resp = self._rf.readline()
OSError: cannot read from timed out object
  File "/usr/lib/python3.14/socket.py", line 727, in readinto
    raise OSError("cannot read from timed out object")
OSError: cannot read from timed out object
  attempt 3: success 94 frames, hearts 2.0
  attempt 5: success 89 frames, hearts 2.0
  (accept-after 8: took the 89-frame line after 11 attempts (8 without improvement) - flagged for a later pass)
  flagged gleeok_head for a later improvement pass (took the 89-frame line after 11 attempts (8 without improvement)); 17 flagged in flagged.json
Gleeok's head: carried
[gleeok_head] 89 frames, hearts 2.0 -> f43830 mode=05/00 L4 room=13 pos=(120,141) dir=2 hp=2.0/7 rup=48 sword=2 lag=7449 (total 43830 frames, 12466s wall)
Exception in thread Thread-69 (work):
Traceback (most recent call last):
Exception in thread Thread-70 (work):
  File "/usr/lib/python3.14/threading.py", line 1082, in _bootstrap_inner
    self._context.run(self.run)
    ~~~~~~~~~~~~~~~~~^^^^^^^^^^
  File "/usr/lib/python3.14/threading.py", line 1024, in run
    self._target(*self._args, **self._kwargs)
    ~~~~~~~~~~~~^^^^^^^^^^^^^^^^^^^^^^^^^^^^^
  File "/home/cmayfield/code/games/aibeatszelda/src/zelda/search.py", line 479, in work
    s = emu.state()
  File "/home/cmayfield/code/games/aibeatszelda/src/zelda/emulator.py", line 283, in state
    return State.parse(self.cmd("state"))
                       ~~~~~~~~^^^^^^^^^
  File "/home/cmayfield/code/games/aibeatszelda/src/zelda/emulator.py", line 240, in cmd
    resp = self._rf.readline()
  File "/usr/lib/python3.14/socket.py", line 727, in readinto
    raise OSError("cannot read from timed out object")
OSError: cannot read from timed out object
Traceback (most recent call last):
  File "/usr/lib/python3.14/threading.py", line 1082, in _bootstrap_inner
    self._context.run(self.run)
    ~~~~~~~~~~~~~~~~~^^^^^^^^^^
  File "/usr/lib/python3.14/threading.py", line 1024, in run
    self._target(*self._args, **self._kwargs)
    ~~~~~~~~~~~~^^^^^^^^^^^^^^^^^^^^^^^^^^^^^
  File "/home/cmayfield/code/games/aibeatszelda/src/zelda/search.py", line 479, in work
    s = emu.state()
  File "/home/cmayfield/code/games/aibeatszelda/src/zelda/emulator.py", line 283, in state
    return State.parse(self.cmd("state"))
                       ~~~~~~~~^^^^^^^^^
  File "/home/cmayfield/code/games/aibeatszelda/src/zelda/emulator.py", line 240, in cmd
    resp = self._rf.readline()
  File "/usr/lib/python3.14/socket.py", line 727, in readinto
    raise OSError("cannot read from timed out object")
OSError: cannot read from timed out object
  attempt 4: success 1026 frames, hearts 7.0
  (accept-after 8: took the 1026-frame line after 9 attempts (8 without improvement) - flagged for a later pass)
  flagged L4_done for a later improvement pass (took the 1026-frame line after 9 attempts (8 without improvement)); 18 flagged in flagged.json
[L4_done] 1026 frames, hearts 7.0 -> f44856 mode=02/00 L0 room=03 pos=(120,149) dir=8 hp=7.0/7 rup=48 sword=2 lag=7550 (total 44856 frames, 12496s wall)
Exception in thread Thread-73 (work):
Traceback (most recent call last):
Exception in thread Thread-74 (work):
Traceback (most recent call last):
  File "/usr/lib/python3.14/threading.py", line 1082, in _bootstrap_inner
    self._context.run(self.run)
    ~~~~~~~~~~~~~~~~~^^^^^^^^^^
  File "/usr/lib/python3.14/threading.py", line 1082, in _bootstrap_inner
    self._context.run(self.run)
    ~~~~~~~~~~~~~~~~~^^^^^^^^^^
  File "/usr/lib/python3.14/threading.py", line 1024, in run
    self._target(*self._args, **self._kwargs)
    ~~~~~~~~~~~~^^^^^^^^^^^^^^^^^^^^^^^^^^^^^
  File "/usr/lib/python3.14/threading.py", line 1024, in run
    self._target(*self._args, **self._kwargs)
    ~~~~~~~~~~~~^^^^^^^^^^^^^^^^^^^^^^^^^^^^^
  File "/home/cmayfield/code/games/aibeatszelda/src/zelda/search.py", line 479, in work
    s = emu.state()
  File "/home/cmayfield/code/games/aibeatszelda/src/zelda/search.py", line 479, in work
    s = emu.state()
  File "/home/cmayfield/code/games/aibeatszelda/src/zelda/emulator.py", line 283, in state
    return State.parse(self.cmd("state"))
                       ~~~~~~~~^^^^^^^^^
  File "/home/cmayfield/code/games/aibeatszelda/src/zelda/emulator.py", line 283, in state
    return State.parse(self.cmd("state"))
                       ~~~~~~~~^^^^^^^^^
  File "/home/cmayfield/code/games/aibeatszelda/src/zelda/emulator.py", line 240, in cmd
    resp = self._rf.readline()
  File "/home/cmayfield/code/games/aibeatszelda/src/zelda/emulator.py", line 240, in cmd
    resp = self._rf.readline()
  File "/usr/lib/python3.14/socket.py", line 727, in readinto
    raise OSError("cannot read from timed out object")
  File "/usr/lib/python3.14/socket.py", line 727, in readinto
    raise OSError("cannot read from timed out object")
OSError: cannot read from timed out object
OSError: cannot read from timed out object
  attempt 4: success 180 frames, hearts 7.0
  (accept-after 8: took the 180-frame line after 9 attempts (8 without improvement) - flagged for a later pass)
  flagged warp_L4 for a later improvement pass (took the 180-frame line after 9 attempts (8 without improvement)); 19 flagged in flagged.json
[warp_L4] 180 frames, hearts 7.0 -> f45036 mode=05/00 L0 room=45 pos=(128,125) dir=4 hp=7.0/7 rup=48 sword=2 lag=7565 (total 45036 frames, 12501s wall)
Exception in thread Thread-77 (work):
Exception in thread Thread-78 (work):
Traceback (most recent call last):
Traceback (most recent call last):
  File "/usr/lib/python3.14/threading.py", line 1082, in _bootstrap_inner
    self._context.run(self.run)
    ~~~~~~~~~~~~~~~~~^^^^^^^^^^
  File "/usr/lib/python3.14/threading.py", line 1082, in _bootstrap_inner
    self._context.run(self.run)
    ~~~~~~~~~~~~~~~~~^^^^^^^^^^
  File "/usr/lib/python3.14/threading.py", line 1024, in run
    self._target(*self._args, **self._kwargs)
    ~~~~~~~~~~~~^^^^^^^^^^^^^^^^^^^^^^^^^^^^^
  File "/usr/lib/python3.14/threading.py", line 1024, in run
    self._target(*self._args, **self._kwargs)
    ~~~~~~~~~~~~^^^^^^^^^^^^^^^^^^^^^^^^^^^^^
  File "/home/cmayfield/code/games/aibeatszelda/src/zelda/search.py", line 479, in work
    s = emu.state()
  File "/home/cmayfield/code/games/aibeatszelda/src/zelda/search.py", line 479, in work
    s = emu.state()
  File "/home/cmayfield/code/games/aibeatszelda/src/zelda/emulator.py", line 283, in state
    return State.parse(self.cmd("state"))
                       ~~~~~~~~^^^^^^^^^
  File "/home/cmayfield/code/games/aibeatszelda/src/zelda/emulator.py", line 283, in state
    return State.parse(self.cmd("state"))
                       ~~~~~~~~^^^^^^^^^
  File "/home/cmayfield/code/games/aibeatszelda/src/zelda/emulator.py", line 240, in cmd
    resp = self._rf.readline()
  File "/home/cmayfield/code/games/aibeatszelda/src/zelda/emulator.py", line 240, in cmd
    resp = self._rf.readline()
  File "/usr/lib/python3.14/socket.py", line 727, in readinto
    raise OSError("cannot read from timed out object")
  File "/usr/lib/python3.14/socket.py", line 727, in readinto
    raise OSError("cannot read from timed out object")
OSError: cannot read from timed out object
OSError: cannot read from timed out object
  attempt 3: success 260 frames, hearts 7.0
  attempt 5: success 255 frames, hearts 7.0
  attempt 10: success 254 frames, hearts 7.0
  (accept-after 8: took the 254-frame line after 15 attempts (8 without improvement) - flagged for a later pass)
  flagged rv_sail for a later improvement pass (took the 254-frame line after 15 attempts (8 without improvement)); 20 flagged in flagged.json
[rv_sail] 254 frames, hearts 7.0 -> f45290 mode=05/00 L0 room=55 pos=(128,127) dir=4 hp=7.0/7 rup=48 sword=2 lag=7615 (total 45290 frames, 12517s wall)
Exception in thread Thread-81 (work):
Exception in thread Thread-82 (work):
Traceback (most recent call last):
Traceback (most recent call last):
  File "/usr/lib/python3.14/threading.py", line 1082, in _bootstrap_inner
    self._context.run(self.run)
    ~~~~~~~~~~~~~~~~~^^^^^^^^^^
  File "/usr/lib/python3.14/threading.py", line 1082, in _bootstrap_inner
    self._context.run(self.run)
    ~~~~~~~~~~~~~~~~~^^^^^^^^^^
  File "/usr/lib/python3.14/threading.py", line 1024, in run
    self._target(*self._args, **self._kwargs)
    ~~~~~~~~~~~~^^^^^^^^^^^^^^^^^^^^^^^^^^^^^
  File "/home/cmayfield/code/games/aibeatszelda/src/zelda/search.py", line 479, in work
    s = emu.state()
  File "/home/cmayfield/code/games/aibeatszelda/src/zelda/emulator.py", line 283, in state
    return State.parse(self.cmd("state"))
                       ~~~~~~~~^^^^^^^^^
  File "/usr/lib/python3.14/threading.py", line 1024, in run
    self._target(*self._args, **self._kwargs)
    ~~~~~~~~~~~~^^^^^^^^^^^^^^^^^^^^^^^^^^^^^
  File "/home/cmayfield/code/games/aibeatszelda/src/zelda/emulator.py", line 240, in cmd
    resp = self._rf.readline()
  File "/home/cmayfield/code/games/aibeatszelda/src/zelda/search.py", line 479, in work
    s = emu.state()
  File "/usr/lib/python3.14/socket.py", line 727, in readinto
    raise OSError("cannot read from timed out object")
  File "/home/cmayfield/code/games/aibeatszelda/src/zelda/emulator.py", line 283, in state
    return State.parse(self.cmd("state"))
                       ~~~~~~~~^^^^^^^^^
OSError: cannot read from timed out object
  File "/home/cmayfield/code/games/aibeatszelda/src/zelda/emulator.py", line 240, in cmd
    resp = self._rf.readline()
  File "/usr/lib/python3.14/socket.py", line 727, in readinto
    raise OSError("cannot read from timed out object")
OSError: cannot read from timed out object
  attempt 3: success 172 frames, hearts 7.0
  attempt 5: success 166 frames, hearts 7.0
  (accept-after 8: took the 166-frame line after 11 attempts (8 without improvement) - flagged for a later pass)
  flagged rv_leg_1 for a later improvement pass (took the 166-frame line after 11 attempts (8 without improvement)); 21 flagged in flagged.json
[rv_leg_1] 166 frames, hearts 7.0 -> f45456 mode=05/00 L0 room=65 pos=(112,61) dir=4 hp=7.0/7 rup=48 sword=2 lag=7665 (total 45456 frames, 12526s wall)
Exception in thread Thread-85 (work):
Exception in thread Thread-86 (work):
Traceback (most recent call last):
Traceback (most recent call last):
  File "/usr/lib/python3.14/threading.py", line 1082, in _bootstrap_inner
    self._context.run(self.run)
    ~~~~~~~~~~~~~~~~~^^^^^^^^^^
  File "/usr/lib/python3.14/threading.py", line 1024, in run
    self._target(*self._args, **self._kwargs)
    ~~~~~~~~~~~~^^^^^^^^^^^^^^^^^^^^^^^^^^^^^
  File "/home/cmayfield/code/games/aibeatszelda/src/zelda/search.py", line 479, in work
    s = emu.state()
  File "/home/cmayfield/code/games/aibeatszelda/src/zelda/emulator.py", line 283, in state
    return State.parse(self.cmd("state"))
                       ~~~~~~~~^^^^^^^^^
  File "/home/cmayfield/code/games/aibeatszelda/src/zelda/emulator.py", line 240, in cmd
    resp = self._rf.readline()
  File "/usr/lib/python3.14/socket.py", line 727, in readinto
    raise OSError("cannot read from timed out object")
OSError: cannot read from timed out object
  File "/usr/lib/python3.14/threading.py", line 1082, in _bootstrap_inner
    self._context.run(self.run)
    ~~~~~~~~~~~~~~~~~^^^^^^^^^^
  File "/usr/lib/python3.14/threading.py", line 1024, in run
    self._target(*self._args, **self._kwargs)
    ~~~~~~~~~~~~^^^^^^^^^^^^^^^^^^^^^^^^^^^^^
  File "/home/cmayfield/code/games/aibeatszelda/src/zelda/search.py", line 479, in work
    s = emu.state()
  File "/home/cmayfield/code/games/aibeatszelda/src/zelda/emulator.py", line 283, in state
    return State.parse(self.cmd("state"))
                       ~~~~~~~~^^^^^^^^^
  File "/home/cmayfield/code/games/aibeatszelda/src/zelda/emulator.py", line 240, in cmd
    resp = self._rf.readline()
  File "/usr/lib/python3.14/socket.py", line 727, in readinto
    raise OSError("cannot read from timed out object")
OSError: cannot read from timed out object
  attempt 3: success 256 frames, hearts 7.0
  attempt 5: success 251 frames, hearts 7.0
  attempt 10: success 250 frames, hearts 7.0
  (accept-after 8: took the 250-frame line after 15 attempts (8 without improvement) - flagged for a later pass)
  flagged rv_leg_2 for a later improvement pass (took the 250-frame line after 15 attempts (8 without improvement)); 22 flagged in flagged.json
[rv_leg_2] 250 frames, hearts 7.0 -> f45706 mode=05/00 L0 room=64 pos=(240,141) dir=2 hp=7.0/7 rup=48 sword=2 lag=7736 (total 45706 frames, 12542s wall)
Exception in thread Thread-89 (work):
Exception in thread Thread-90 (work):
Traceback (most recent call last):
Traceback (most recent call last):
  File "/usr/lib/python3.14/threading.py", line 1082, in _bootstrap_inner
    self._context.run(self.run)
    ~~~~~~~~~~~~~~~~~^^^^^^^^^^
  File "/usr/lib/python3.14/threading.py", line 1024, in run
    self._target(*self._args, **self._kwargs)
    ~~~~~~~~~~~~^^^^^^^^^^^^^^^^^^^^^^^^^^^^^
  File "/home/cmayfield/code/games/aibeatszelda/src/zelda/search.py", line 479, in work
    s = emu.state()
  File "/home/cmayfield/code/games/aibeatszelda/src/zelda/emulator.py", line 283, in state
    return State.parse(self.cmd("state"))
                       ~~~~~~~~^^^^^^^^^
  File "/home/cmayfield/code/games/aibeatszelda/src/zelda/emulator.py", line 240, in cmd
    resp = self._rf.readline()
  File "/usr/lib/python3.14/threading.py", line 1082, in _bootstrap_inner
    self._context.run(self.run)
    ~~~~~~~~~~~~~~~~~^^^^^^^^^^
  File "/usr/lib/python3.14/socket.py", line 727, in readinto
    raise OSError("cannot read from timed out object")
  File "/usr/lib/python3.14/threading.py", line 1024, in run
    self._target(*self._args, **self._kwargs)
    ~~~~~~~~~~~~^^^^^^^^^^^^^^^^^^^^^^^^^^^^^
OSError: cannot read from timed out object
  File "/home/cmayfield/code/games/aibeatszelda/src/zelda/search.py", line 479, in work
    s = emu.state()
  File "/home/cmayfield/code/games/aibeatszelda/src/zelda/emulator.py", line 283, in state
    return State.parse(self.cmd("state"))
                       ~~~~~~~~^^^^^^^^^
  File "/home/cmayfield/code/games/aibeatszelda/src/zelda/emulator.py", line 240, in cmd
    resp = self._rf.readline()
  File "/usr/lib/python3.14/socket.py", line 727, in readinto
    raise OSError("cannot read from timed out object")
OSError: cannot read from timed out object
  attempt 3: success 348 frames, hearts 7.0
  (accept-after 8: took the 348-frame line after 9 attempts (8 without improvement) - flagged for a later pass)
  flagged rv_leg_3 for a later improvement pass (took the 348-frame line after 9 attempts (8 without improvement)); 23 flagged in flagged.json
[rv_leg_3] 348 frames, hearts 7.0 -> f46054 mode=05/00 L0 room=63 pos=(240,141) dir=2 hp=7.0/7 rup=48 sword=2 lag=7807 (total 46054 frames, 12559s wall)
Exception in thread Thread-93 (work):
Exception in thread Thread-94 (work):
Traceback (most recent call last):
Traceback (most recent call last):
  File "/usr/lib/python3.14/threading.py", line 1082, in _bootstrap_inner
    self._context.run(self.run)
    ~~~~~~~~~~~~~~~~~^^^^^^^^^^
  File "/usr/lib/python3.14/threading.py", line 1082, in _bootstrap_inner
    self._context.run(self.run)
    ~~~~~~~~~~~~~~~~~^^^^^^^^^^
  File "/usr/lib/python3.14/threading.py", line 1024, in run
    self._target(*self._args, **self._kwargs)
    ~~~~~~~~~~~~^^^^^^^^^^^^^^^^^^^^^^^^^^^^^
  File "/usr/lib/python3.14/threading.py", line 1024, in run
    self._target(*self._args, **self._kwargs)
    ~~~~~~~~~~~~^^^^^^^^^^^^^^^^^^^^^^^^^^^^^
  File "/home/cmayfield/code/games/aibeatszelda/src/zelda/search.py", line 479, in work
    s = emu.state()
  File "/home/cmayfield/code/games/aibeatszelda/src/zelda/search.py", line 479, in work
    s = emu.state()
  File "/home/cmayfield/code/games/aibeatszelda/src/zelda/emulator.py", line 283, in state
    return State.parse(self.cmd("state"))
                       ~~~~~~~~^^^^^^^^^
  File "/home/cmayfield/code/games/aibeatszelda/src/zelda/emulator.py", line 283, in state
    return State.parse(self.cmd("state"))
                       ~~~~~~~~^^^^^^^^^
  File "/home/cmayfield/code/games/aibeatszelda/src/zelda/emulator.py", line 240, in cmd
    resp = self._rf.readline()
  File "/home/cmayfield/code/games/aibeatszelda/src/zelda/emulator.py", line 240, in cmd
    resp = self._rf.readline()
  File "/usr/lib/python3.14/socket.py", line 727, in readinto
    raise OSError("cannot read from timed out object")
  File "/usr/lib/python3.14/socket.py", line 727, in readinto
    raise OSError("cannot read from timed out object")
OSError: cannot read from timed out object
OSError: cannot read from timed out object
  attempt 3: success 225 frames, hearts 7.0
  attempt 5: success 220 frames, hearts 7.0
  attempt 10: success 219 frames, hearts 7.0
  (accept-after 8: took the 219-frame line after 15 attempts (8 without improvement) - flagged for a later pass)
  flagged rv_leg_4 for a later improvement pass (took the 219-frame line after 15 attempts (8 without improvement)); 24 flagged in flagged.json
[rv_leg_4] 219 frames, hearts 7.0 -> f46273 mode=05/00 L0 room=53 pos=(144,221) dir=8 hp=7.0/7 rup=48 sword=2 lag=7859 (total 46273 frames, 12573s wall)
Exception in thread Thread-97 (work):
Traceback (most recent call last):
  File "/usr/lib/python3.14/threading.py", line 1082, in _bootstrap_inner
    self._context.run(self.run)
    ~~~~~~~~~~~~~~~~~^^^^^^^^^^
  File "/usr/lib/python3.14/threading.py", line 1024, in run
    self._target(*self._args, **self._kwargs)
    ~~~~~~~~~~~~^^^^^^^^^^^^^^^^^^^^^^^^^^^^^
Exception in thread Thread-98 (work):
  File "/home/cmayfield/code/games/aibeatszelda/src/zelda/search.py", line 479, in work
    s = emu.state()
Traceback (most recent call last):
  File "/usr/lib/python3.14/threading.py", line 1082, in _bootstrap_inner
    self._context.run(self.run)
    ~~~~~~~~~~~~~~~~~^^^^^^^^^^
  File "/usr/lib/python3.14/threading.py", line 1024, in run
    self._target(*self._args, **self._kwargs)
    ~~~~~~~~~~~~^^^^^^^^^^^^^^^^^^^^^^^^^^^^^
  File "/home/cmayfield/code/games/aibeatszelda/src/zelda/search.py", line 479, in work
    s = emu.state()
  File "/home/cmayfield/code/games/aibeatszelda/src/zelda/emulator.py", line 283, in state
    return State.parse(self.cmd("state"))
                       ~~~~~~~~^^^^^^^^^
  File "/home/cmayfield/code/games/aibeatszelda/src/zelda/emulator.py", line 240, in cmd
    resp = self._rf.readline()
  File "/usr/lib/python3.14/socket.py", line 727, in readinto
    raise OSError("cannot read from timed out object")
OSError: cannot read from timed out object
  File "/home/cmayfield/code/games/aibeatszelda/src/zelda/emulator.py", line 283, in state
    return State.parse(self.cmd("state"))
                       ~~~~~~~~^^^^^^^^^
  File "/home/cmayfield/code/games/aibeatszelda/src/zelda/emulator.py", line 240, in cmd
    resp = self._rf.readline()
  File "/usr/lib/python3.14/socket.py", line 727, in readinto
    raise OSError("cannot read from timed out object")
OSError: cannot read from timed out object
  attempt 4: success 244 frames, hearts 7.0
  attempt 5: success 239 frames, hearts 7.0
  attempt 10: success 238 frames, hearts 7.0
  (accept-after 8: took the 238-frame line after 16 attempts (8 without improvement) - flagged for a later pass)
  attempt 19: error: ValueError: invalid literal for int() with ba (11 frames)
  flagged rv_leg_5 for a later improvement pass (took the 238-frame line after 16 attempts (8 without improvement)); 25 flagged in flagged.json
[rv_leg_5] 238 frames, hearts 7.0 -> f46511 mode=05/00 L0 room=52 pos=(240,189) dir=2 hp=7.0/7 rup=48 sword=2 lag=7930 (total 46511 frames, 12589s wall)
Exception in thread Thread-101 (work):
Exception in thread Thread-102 (work):
Traceback (most recent call last):
Traceback (most recent call last):
  File "/usr/lib/python3.14/threading.py", line 1082, in _bootstrap_inner
    self._context.run(self.run)
    ~~~~~~~~~~~~~~~~~^^^^^^^^^^
  File "/usr/lib/python3.14/threading.py", line 1082, in _bootstrap_inner
    self._context.run(self.run)
    ~~~~~~~~~~~~~~~~~^^^^^^^^^^
  File "/usr/lib/python3.14/threading.py", line 1024, in run
    self._target(*self._args, **self._kwargs)
    ~~~~~~~~~~~~^^^^^^^^^^^^^^^^^^^^^^^^^^^^^
  File "/usr/lib/python3.14/threading.py", line 1024, in run
    self._target(*self._args, **self._kwargs)
    ~~~~~~~~~~~~^^^^^^^^^^^^^^^^^^^^^^^^^^^^^
  File "/home/cmayfield/code/games/aibeatszelda/src/zelda/search.py", line 479, in work
    s = emu.state()
  File "/home/cmayfield/code/games/aibeatszelda/src/zelda/search.py", line 479, in work
    s = emu.state()
  File "/home/cmayfield/code/games/aibeatszelda/src/zelda/emulator.py", line 283, in state
    return State.parse(self.cmd("state"))
                       ~~~~~~~~^^^^^^^^^
  File "/home/cmayfield/code/games/aibeatszelda/src/zelda/emulator.py", line 283, in state
    return State.parse(self.cmd("state"))
                       ~~~~~~~~^^^^^^^^^
  File "/home/cmayfield/code/games/aibeatszelda/src/zelda/emulator.py", line 240, in cmd
    resp = self._rf.readline()
  File "/home/cmayfield/code/games/aibeatszelda/src/zelda/emulator.py", line 240, in cmd
    resp = self._rf.readline()
  File "/usr/lib/python3.14/socket.py", line 727, in readinto
    raise OSError("cannot read from timed out object")
  File "/usr/lib/python3.14/socket.py", line 727, in readinto
    raise OSError("cannot read from timed out object")
OSError: cannot read from timed out object
OSError: cannot read from timed out object
  attempt 4: success 250 frames, hearts 6.5
  attempt 5: success 227 frames, hearts 7.0
  attempt 10: success 226 frames, hearts 7.0
  (accept-after 8: took the 226-frame line after 16 attempts (8 without improvement) - flagged for a later pass)
  flagged rv_leg_6 for a later improvement pass (took the 226-frame line after 16 attempts (8 without improvement)); 26 flagged in flagged.json
[rv_leg_6] 226 frames, hearts 7.0 -> f46737 mode=05/00 L0 room=62 pos=(80,61) dir=4 hp=7.0/7 rup=48 sword=2 lag=7980 (total 46737 frames, 12606s wall)
Exception in thread Thread-106 (work):
Exception in thread Thread-105 (work):
Traceback (most recent call last):
Traceback (most recent call last):
  File "/usr/lib/python3.14/threading.py", line 1082, in _bootstrap_inner
    self._context.run(self.run)
    ~~~~~~~~~~~~~~~~~^^^^^^^^^^
  File "/usr/lib/python3.14/threading.py", line 1024, in run
    self._target(*self._args, **self._kwargs)
    ~~~~~~~~~~~~^^^^^^^^^^^^^^^^^^^^^^^^^^^^^
  File "/home/cmayfield/code/games/aibeatszelda/src/zelda/search.py", line 479, in work
    s = emu.state()
  File "/home/cmayfield/code/games/aibeatszelda/src/zelda/emulator.py", line 283, in state
    return State.parse(self.cmd("state"))
                       ~~~~~~~~^^^^^^^^^
  File "/home/cmayfield/code/games/aibeatszelda/src/zelda/emulator.py", line 240, in cmd
    resp = self._rf.readline()
  File "/usr/lib/python3.14/socket.py", line 727, in readinto
    raise OSError("cannot read from timed out object")
OSError: cannot read from timed out object
  File "/usr/lib/python3.14/threading.py", line 1082, in _bootstrap_inner
    self._context.run(self.run)
    ~~~~~~~~~~~~~~~~~^^^^^^^^^^
  File "/usr/lib/python3.14/threading.py", line 1024, in run
    self._target(*self._args, **self._kwargs)
    ~~~~~~~~~~~~^^^^^^^^^^^^^^^^^^^^^^^^^^^^^
  File "/home/cmayfield/code/games/aibeatszelda/src/zelda/search.py", line 479, in work
    s = emu.state()
  File "/home/cmayfield/code/games/aibeatszelda/src/zelda/emulator.py", line 283, in state
    return State.parse(self.cmd("state"))
                       ~~~~~~~~^^^^^^^^^
  File "/home/cmayfield/code/games/aibeatszelda/src/zelda/emulator.py", line 240, in cmd
    resp = self._rf.readline()
  File "/usr/lib/python3.14/socket.py", line 727, in readinto
    raise OSError("cannot read from timed out object")
OSError: cannot read from timed out object
  attempt 3: success 220 frames, hearts 7.0
  attempt 5: success 215 frames, hearts 7.0
  attempt 10: success 214 frames, hearts 7.0
  (accept-after 8: took the 214-frame line after 16 attempts (8 without improvement) - flagged for a later pass)
  flagged rv_leg_7 for a later improvement pass (took the 214-frame line after 16 attempts (8 without improvement)); 27 flagged in flagged.json
[rv_leg_7] 214 frames, hearts 7.0 -> f46951 mode=05/00 L0 room=61 pos=(240,125) dir=2 hp=7.0/7 rup=48 sword=2 lag=8051 (total 46951 frames, 12620s wall)
Exception in thread Thread-109 (work):
Exception in thread Thread-110 (work):
Traceback (most recent call last):
Traceback (most recent call last):
  File "/usr/lib/python3.14/threading.py", line 1082, in _bootstrap_inner
    self._context.run(self.run)
    ~~~~~~~~~~~~~~~~~^^^^^^^^^^
  File "/usr/lib/python3.14/threading.py", line 1082, in _bootstrap_inner
    self._context.run(self.run)
    ~~~~~~~~~~~~~~~~~^^^^^^^^^^
  File "/usr/lib/python3.14/threading.py", line 1024, in run
    self._target(*self._args, **self._kwargs)
    ~~~~~~~~~~~~^^^^^^^^^^^^^^^^^^^^^^^^^^^^^
  File "/usr/lib/python3.14/threading.py", line 1024, in run
    self._target(*self._args, **self._kwargs)
    ~~~~~~~~~~~~^^^^^^^^^^^^^^^^^^^^^^^^^^^^^
  File "/home/cmayfield/code/games/aibeatszelda/src/zelda/search.py", line 479, in work
    s = emu.state()
  File "/home/cmayfield/code/games/aibeatszelda/src/zelda/search.py", line 479, in work
    s = emu.state()
  File "/home/cmayfield/code/games/aibeatszelda/src/zelda/emulator.py", line 283, in state
    return State.parse(self.cmd("state"))
                       ~~~~~~~~^^^^^^^^^
  File "/home/cmayfield/code/games/aibeatszelda/src/zelda/emulator.py", line 283, in state
    return State.parse(self.cmd("state"))
                       ~~~~~~~~^^^^^^^^^
  File "/home/cmayfield/code/games/aibeatszelda/src/zelda/emulator.py", line 240, in cmd
    resp = self._rf.readline()
  File "/home/cmayfield/code/games/aibeatszelda/src/zelda/emulator.py", line 240, in cmd
    resp = self._rf.readline()
  File "/usr/lib/python3.14/socket.py", line 727, in readinto
    raise OSError("cannot read from timed out object")
  File "/usr/lib/python3.14/socket.py", line 727, in readinto
    raise OSError("cannot read from timed out object")
OSError: cannot read from timed out object
OSError: cannot read from timed out object
  attempt 3: success 199 frames, hearts 7.0
  attempt 10: success 196 frames, hearts 7.0
  (accept-after 8: took the 196-frame line after 15 attempts (8 without improvement) - flagged for a later pass)
  flagged rv_woods_0 for a later improvement pass (took the 196-frame line after 15 attempts (8 without improvement)); 28 flagged in flagged.json
[rv_woods_0] 196 frames, hearts 7.0 -> f47147 mode=05/00 L0 room=61 pos=(176,221) dir=8 hp=7.0/7 rup=48 sword=2 lag=8103 (total 47147 frames, 12634s wall)
Exception in thread Thread-113 (work):
Traceback (most recent call last):
  File "/usr/lib/python3.14/threading.py", line 1082, in _bootstrap_inner
    self._context.run(self.run)
    ~~~~~~~~~~~~~~~~~^^^^^^^^^^
  File "/usr/lib/python3.14/threading.py", line 1024, in run
    self._target(*self._args, **self._kwargs)
    ~~~~~~~~~~~~^^^^^^^^^^^^^^^^^^^^^^^^^^^^^
Exception in thread Thread-114 (work):
  File "/home/cmayfield/code/games/aibeatszelda/src/zelda/search.py", line 479, in work
    s = emu.state()
  File "/home/cmayfield/code/games/aibeatszelda/src/zelda/emulator.py", line 283, in state
    return State.parse(self.cmd("state"))
                       ~~~~~~~~^^^^^^^^^
  File "/home/cmayfield/code/games/aibeatszelda/src/zelda/emulator.py", line 240, in cmd
    resp = self._rf.readline()
  File "/usr/lib/python3.14/socket.py", line 727, in readinto
    raise OSError("cannot read from timed out object")
OSError: cannot read from timed out object
Traceback (most recent call last):
  File "/usr/lib/python3.14/threading.py", line 1082, in _bootstrap_inner
    self._context.run(self.run)
    ~~~~~~~~~~~~~~~~~^^^^^^^^^^
  File "/usr/lib/python3.14/threading.py", line 1024, in run
    self._target(*self._args, **self._kwargs)
    ~~~~~~~~~~~~^^^^^^^^^^^^^^^^^^^^^^^^^^^^^
  File "/home/cmayfield/code/games/aibeatszelda/src/zelda/search.py", line 479, in work
    s = emu.state()
  File "/home/cmayfield/code/games/aibeatszelda/src/zelda/emulator.py", line 283, in state
    return State.parse(self.cmd("state"))
                       ~~~~~~~~^^^^^^^^^
  File "/home/cmayfield/code/games/aibeatszelda/src/zelda/emulator.py", line 240, in cmd
    resp = self._rf.readline()
  File "/usr/lib/python3.14/socket.py", line 727, in readinto
    raise OSError("cannot read from timed out object")
OSError: cannot read from timed out object
  attempt 4: success 313 frames, hearts 7.0
  attempt 7: success 304 frames, hearts 7.0
  attempt 8: success 302 frames, hearts 7.0
  attempt 12: success 301 frames, hearts 7.0
  (accept-after 8: took the 301-frame line after 18 attempts (8 without improvement) - flagged for a later pass)
  flagged rv_woods_1 for a later improvement pass (took the 301-frame line after 18 attempts (8 without improvement)); 29 flagged in flagged.json
[rv_woods_1] 301 frames, hearts 7.0 -> f47448 mode=05/00 L0 room=61 pos=(240,157) dir=2 hp=7.0/7 rup=48 sword=2 lag=8187 (total 47448 frames, 12658s wall)
Exception in thread Thread-117 (work):
Traceback (most recent call last):
Exception in thread Thread-118 (work):
  File "/usr/lib/python3.14/threading.py", line 1082, in _bootstrap_inner
    self._context.run(self.run)
    ~~~~~~~~~~~~~~~~~^^^^^^^^^^
Traceback (most recent call last):
  File "/usr/lib/python3.14/threading.py", line 1024, in run
    self._target(*self._args, **self._kwargs)
    ~~~~~~~~~~~~^^^^^^^^^^^^^^^^^^^^^^^^^^^^^
  File "/home/cmayfield/code/games/aibeatszelda/src/zelda/search.py", line 479, in work
    s = emu.state()
  File "/home/cmayfield/code/games/aibeatszelda/src/zelda/emulator.py", line 283, in state
    return State.parse(self.cmd("state"))
                       ~~~~~~~~^^^^^^^^^
  File "/home/cmayfield/code/games/aibeatszelda/src/zelda/emulator.py", line 240, in cmd
    resp = self._rf.readline()
  File "/usr/lib/python3.14/socket.py", line 727, in readinto
    raise OSError("cannot read from timed out object")
OSError: cannot read from timed out object
  File "/usr/lib/python3.14/threading.py", line 1082, in _bootstrap_inner
    self._context.run(self.run)
    ~~~~~~~~~~~~~~~~~^^^^^^^^^^
  File "/usr/lib/python3.14/threading.py", line 1024, in run
    self._target(*self._args, **self._kwargs)
    ~~~~~~~~~~~~^^^^^^^^^^^^^^^^^^^^^^^^^^^^^
  File "/home/cmayfield/code/games/aibeatszelda/src/zelda/search.py", line 479, in work
    s = emu.state()
  File "/home/cmayfield/code/games/aibeatszelda/src/zelda/emulator.py", line 283, in state
    return State.parse(self.cmd("state"))
                       ~~~~~~~~^^^^^^^^^
  File "/home/cmayfield/code/games/aibeatszelda/src/zelda/emulator.py", line 240, in cmd
    resp = self._rf.readline()
  File "/usr/lib/python3.14/socket.py", line 727, in readinto
    raise OSError("cannot read from timed out object")
OSError: cannot read from timed out object
  attempt 4: success 189 frames, hearts 7.0
  attempt 7: success 184 frames, hearts 7.0
  attempt 8: success 182 frames, hearts 7.0
  attempt 12: success 180 frames, hearts 7.0
  (accept-after 8: took the 180-frame line after 17 attempts (8 without improvement) - flagged for a later pass)
  flagged rv_woods_2 for a later improvement pass (took the 180-frame line after 17 attempts (8 without improvement)); 30 flagged in flagged.json
[rv_woods_2] 180 frames, hearts 7.0 -> f47628 mode=05/00 L0 room=61 pos=(176,61) dir=4 hp=7.0/7 rup=48 sword=2 lag=8237 (total 47628 frames, 12671s wall)
Exception in thread Thread-121 (work):
Traceback (most recent call last):
  File "/usr/lib/python3.14/threading.py", line 1082, in _bootstrap_inner
    self._context.run(self.run)
    ~~~~~~~~~~~~~~~~~^^^^^^^^^^
Exception in thread Thread-122 (work):
  File "/usr/lib/python3.14/threading.py", line 1024, in run
    self._target(*self._args, **self._kwargs)
    ~~~~~~~~~~~~^^^^^^^^^^^^^^^^^^^^^^^^^^^^^
  File "/home/cmayfield/code/games/aibeatszelda/src/zelda/search.py", line 479, in work
    s = emu.state()
  File "/home/cmayfield/code/games/aibeatszelda/src/zelda/emulator.py", line 283, in state
    return State.parse(self.cmd("state"))
                       ~~~~~~~~^^^^^^^^^
Traceback (most recent call last):
  File "/home/cmayfield/code/games/aibeatszelda/src/zelda/emulator.py", line 240, in cmd
    resp = self._rf.readline()
  File "/usr/lib/python3.14/socket.py", line 727, in readinto
    raise OSError("cannot read from timed out object")
  File "/usr/lib/python3.14/threading.py", line 1082, in _bootstrap_inner
    self._context.run(self.run)
    ~~~~~~~~~~~~~~~~~^^^^^^^^^^
OSError: cannot read from timed out object
  File "/usr/lib/python3.14/threading.py", line 1024, in run
    self._target(*self._args, **self._kwargs)
    ~~~~~~~~~~~~^^^^^^^^^^^^^^^^^^^^^^^^^^^^^
  File "/home/cmayfield/code/games/aibeatszelda/src/zelda/search.py", line 479, in work
    s = emu.state()
  File "/home/cmayfield/code/games/aibeatszelda/src/zelda/emulator.py", line 283, in state
    return State.parse(self.cmd("state"))
                       ~~~~~~~~^^^^^^^^^
  File "/home/cmayfield/code/games/aibeatszelda/src/zelda/emulator.py", line 240, in cmd
    resp = self._rf.readline()
  File "/usr/lib/python3.14/socket.py", line 727, in readinto
    raise OSError("cannot read from timed out object")
OSError: cannot read from timed out object
  attempt 3: success 538 frames, hearts 5.0
  attempt 5: success 336 frames, hearts 6.5
  (accept-after 8: took the 336-frame line after 11 attempts (8 without improvement) - flagged for a later pass)
  flagged rv_leg_8 for a later improvement pass (took the 336-frame line after 11 attempts (8 without improvement)); 31 flagged in flagged.json
[rv_leg_8] 336 frames, hearts 6.5 -> f47964 mode=05/00 L0 room=60 pos=(240,157) dir=2 hp=6.5/7 rup=48 sword=2 lag=8309 (total 47964 frames, 12692s wall)
Exception in thread Thread-125 (work):
Exception in thread Thread-126 (work):
Traceback (most recent call last):
Traceback (most recent call last):
  File "/usr/lib/python3.14/threading.py", line 1082, in _bootstrap_inner
    self._context.run(self.run)
    ~~~~~~~~~~~~~~~~~^^^^^^^^^^
  File "/usr/lib/python3.14/threading.py", line 1082, in _bootstrap_inner
    self._context.run(self.run)
    ~~~~~~~~~~~~~~~~~^^^^^^^^^^
  File "/usr/lib/python3.14/threading.py", line 1024, in run
    self._target(*self._args, **self._kwargs)
    ~~~~~~~~~~~~^^^^^^^^^^^^^^^^^^^^^^^^^^^^^
  File "/usr/lib/python3.14/threading.py", line 1024, in run
    self._target(*self._args, **self._kwargs)
    ~~~~~~~~~~~~^^^^^^^^^^^^^^^^^^^^^^^^^^^^^
  File "/home/cmayfield/code/games/aibeatszelda/src/zelda/search.py", line 479, in work
    s = emu.state()
  File "/home/cmayfield/code/games/aibeatszelda/src/zelda/search.py", line 479, in work
    s = emu.state()
  File "/home/cmayfield/code/games/aibeatszelda/src/zelda/emulator.py", line 283, in state
    return State.parse(self.cmd("state"))
                       ~~~~~~~~^^^^^^^^^
  File "/home/cmayfield/code/games/aibeatszelda/src/zelda/emulator.py", line 283, in state
    return State.parse(self.cmd("state"))
                       ~~~~~~~~^^^^^^^^^
  File "/home/cmayfield/code/games/aibeatszelda/src/zelda/emulator.py", line 240, in cmd
    resp = self._rf.readline()
  File "/home/cmayfield/code/games/aibeatszelda/src/zelda/emulator.py", line 240, in cmd
    resp = self._rf.readline()
  File "/usr/lib/python3.14/socket.py", line 727, in readinto
    raise OSError("cannot read from timed out object")
  File "/usr/lib/python3.14/socket.py", line 727, in readinto
    raise OSError("cannot read from timed out object")
OSError: cannot read from timed out object
OSError: cannot read from timed out object
  attempt 3: success 189 frames, hearts 6.5
  attempt 5: success 183 frames, hearts 6.5
  (accept-after 8: took the 183-frame line after 11 attempts (8 without improvement) - flagged for a later pass)
  flagged rv_leg_9 for a later improvement pass (took the 183-frame line after 11 attempts (8 without improvement)); 32 flagged in flagged.json
[rv_leg_9] 183 frames, hearts 6.5 -> f48147 mode=05/00 L0 room=50 pos=(208,221) dir=8 hp=6.5/7 rup=48 sword=2 lag=8361 (total 48147 frames, 12701s wall)
Exception in thread Thread-130 (work):
Exception in thread Thread-129 (work):
Traceback (most recent call last):
Traceback (most recent call last):
  File "/usr/lib/python3.14/threading.py", line 1082, in _bootstrap_inner
    self._context.run(self.run)
    ~~~~~~~~~~~~~~~~~^^^^^^^^^^
  File "/usr/lib/python3.14/threading.py", line 1024, in run
    self._target(*self._args, **self._kwargs)
    ~~~~~~~~~~~~^^^^^^^^^^^^^^^^^^^^^^^^^^^^^
  File "/home/cmayfield/code/games/aibeatszelda/src/zelda/search.py", line 479, in work
    s = emu.state()
  File "/usr/lib/python3.14/threading.py", line 1082, in _bootstrap_inner
    self._context.run(self.run)
    ~~~~~~~~~~~~~~~~~^^^^^^^^^^
  File "/home/cmayfield/code/games/aibeatszelda/src/zelda/emulator.py", line 283, in state
    return State.parse(self.cmd("state"))
                       ~~~~~~~~^^^^^^^^^
  File "/home/cmayfield/code/games/aibeatszelda/src/zelda/emulator.py", line 240, in cmd
    resp = self._rf.readline()
  File "/usr/lib/python3.14/threading.py", line 1024, in run
    self._target(*self._args, **self._kwargs)
    ~~~~~~~~~~~~^^^^^^^^^^^^^^^^^^^^^^^^^^^^^
  File "/home/cmayfield/code/games/aibeatszelda/src/zelda/search.py", line 479, in work
    s = emu.state()
  File "/usr/lib/python3.14/socket.py", line 727, in readinto
    raise OSError("cannot read from timed out object")
  File "/home/cmayfield/code/games/aibeatszelda/src/zelda/emulator.py", line 283, in state
    return State.parse(self.cmd("state"))
                       ~~~~~~~~^^^^^^^^^
  File "/home/cmayfield/code/games/aibeatszelda/src/zelda/emulator.py", line 240, in cmd
    resp = self._rf.readline()
  File "/usr/lib/python3.14/socket.py", line 727, in readinto
    raise OSError("cannot read from timed out object")
OSError: cannot read from timed out object
OSError: cannot read from timed out object
  attempt 3: success 264 frames, hearts 6.5
  attempt 5: success 259 frames, hearts 6.5
  attempt 10: success 258 frames, hearts 6.5
  (accept-after 8: took the 258-frame line after 15 attempts (8 without improvement) - flagged for a later pass)
  flagged rv_leg_10 for a later improvement pass (took the 258-frame line after 15 attempts (8 without improvement)); 33 flagged in flagged.json
[rv_leg_10] 258 frames, hearts 6.5 -> f48405 mode=05/00 L0 room=40 pos=(224,221) dir=8 hp=6.5/7 rup=48 sword=2 lag=8413 (total 48405 frames, 12718s wall)
Exception in thread Thread-133 (work):
Traceback (most recent call last):
Exception in thread Thread-134 (work):
  File "/usr/lib/python3.14/threading.py", line 1082, in _bootstrap_inner
    self._context.run(self.run)
    ~~~~~~~~~~~~~~~~~^^^^^^^^^^
  File "/usr/lib/python3.14/threading.py", line 1024, in run
    self._target(*self._args, **self._kwargs)
    ~~~~~~~~~~~~^^^^^^^^^^^^^^^^^^^^^^^^^^^^^
  File "/home/cmayfield/code/games/aibeatszelda/src/zelda/search.py", line 479, in work
    s = emu.state()
  File "/home/cmayfield/code/games/aibeatszelda/src/zelda/emulator.py", line 283, in state
    return State.parse(self.cmd("state"))
                       ~~~~~~~~^^^^^^^^^
  File "/home/cmayfield/code/games/aibeatszelda/src/zelda/emulator.py", line 240, in cmd
    resp = self._rf.readline()
  File "/usr/lib/python3.14/socket.py", line 727, in readinto
    raise OSError("cannot read from timed out object")
OSError: cannot read from timed out object
Traceback (most recent call last):
  File "/usr/lib/python3.14/threading.py", line 1082, in _bootstrap_inner
    self._context.run(self.run)
    ~~~~~~~~~~~~~~~~~^^^^^^^^^^
  File "/usr/lib/python3.14/threading.py", line 1024, in run
    self._target(*self._args, **self._kwargs)
    ~~~~~~~~~~~~^^^^^^^^^^^^^^^^^^^^^^^^^^^^^
  File "/home/cmayfield/code/games/aibeatszelda/src/zelda/search.py", line 479, in work
    s = emu.state()
  File "/home/cmayfield/code/games/aibeatszelda/src/zelda/emulator.py", line 283, in state
    return State.parse(self.cmd("state"))
                       ~~~~~~~~^^^^^^^^^
  File "/home/cmayfield/code/games/aibeatszelda/src/zelda/emulator.py", line 240, in cmd
    resp = self._rf.readline()
  File "/usr/lib/python3.14/socket.py", line 727, in readinto
    raise OSError("cannot read from timed out object")
OSError: cannot read from timed out object
  attempt 4: success 233 frames, hearts 6.5
  attempt 5: success 228 frames, hearts 6.5
  attempt 10: success 227 frames, hearts 6.5
  (accept-after 8: took the 227-frame line after 16 attempts (8 without improvement) - flagged for a later pass)
  flagged rv_leg_11 for a later improvement pass (took the 227-frame line after 16 attempts (8 without improvement)); 34 flagged in flagged.json
[rv_leg_11] 227 frames, hearts 6.5 -> f48632 mode=05/00 L0 room=41 pos=(0,93) dir=1 hp=6.5/7 rup=48 sword=2 lag=8484 (total 48632 frames, 12734s wall)
Exception in thread Thread-137 (work):
Traceback (most recent call last):
Exception in thread Thread-138 (work):
  File "/usr/lib/python3.14/threading.py", line 1082, in _bootstrap_inner
    self._context.run(self.run)
    ~~~~~~~~~~~~~~~~~^^^^^^^^^^
Traceback (most recent call last):
  File "/usr/lib/python3.14/threading.py", line 1024, in run
    self._target(*self._args, **self._kwargs)
    ~~~~~~~~~~~~^^^^^^^^^^^^^^^^^^^^^^^^^^^^^
  File "/usr/lib/python3.14/threading.py", line 1082, in _bootstrap_inner
    self._context.run(self.run)
    ~~~~~~~~~~~~~~~~~^^^^^^^^^^
  File "/home/cmayfield/code/games/aibeatszelda/src/zelda/search.py", line 479, in work
    s = emu.state()
  File "/usr/lib/python3.14/threading.py", line 1024, in run
    self._target(*self._args, **self._kwargs)
    ~~~~~~~~~~~~^^^^^^^^^^^^^^^^^^^^^^^^^^^^^
  File "/home/cmayfield/code/games/aibeatszelda/src/zelda/emulator.py", line 283, in state
    return State.parse(self.cmd("state"))
                       ~~~~~~~~^^^^^^^^^
  File "/home/cmayfield/code/games/aibeatszelda/src/zelda/search.py", line 479, in work
    s = emu.state()
  File "/home/cmayfield/code/games/aibeatszelda/src/zelda/emulator.py", line 240, in cmd
    resp = self._rf.readline()
  File "/home/cmayfield/code/games/aibeatszelda/src/zelda/emulator.py", line 283, in state
    return State.parse(self.cmd("state"))
                       ~~~~~~~~^^^^^^^^^
  File "/usr/lib/python3.14/socket.py", line 727, in readinto
    raise OSError("cannot read from timed out object")
  File "/home/cmayfield/code/games/aibeatszelda/src/zelda/emulator.py", line 240, in cmd
    resp = self._rf.readline()
OSError: cannot read from timed out object
  File "/usr/lib/python3.14/socket.py", line 727, in readinto
    raise OSError("cannot read from timed out object")
OSError: cannot read from timed out object
  attempt 3: success 139 frames, hearts 6.5
  attempt 5: success 135 frames, hearts 6.5
  (accept-after 8: took the 135-frame line after 11 attempts (8 without improvement) - flagged for a later pass)
  flagged rv_leg_12 for a later improvement pass (took the 135-frame line after 11 attempts (8 without improvement)); 35 flagged in flagged.json
[rv_leg_12] 135 frames, hearts 6.5 -> f48767 mode=05/00 L0 room=31 pos=(32,221) dir=8 hp=6.5/7 rup=48 sword=2 lag=8536 (total 48767 frames, 12740s wall)
Exception in thread Thread-141 (work):
Traceback (most recent call last):
Exception in thread Thread-142 (work):
  File "/usr/lib/python3.14/threading.py", line 1082, in _bootstrap_inner
    self._context.run(self.run)
    ~~~~~~~~~~~~~~~~~^^^^^^^^^^
Traceback (most recent call last):
  File "/usr/lib/python3.14/threading.py", line 1024, in run
    self._target(*self._args, **self._kwargs)
    ~~~~~~~~~~~~^^^^^^^^^^^^^^^^^^^^^^^^^^^^^
  File "/usr/lib/python3.14/threading.py", line 1082, in _bootstrap_inner
    self._context.run(self.run)
    ~~~~~~~~~~~~~~~~~^^^^^^^^^^
  File "/home/cmayfield/code/games/aibeatszelda/src/zelda/search.py", line 479, in work
    s = emu.state()
  File "/usr/lib/python3.14/threading.py", line 1024, in run
    self._target(*self._args, **self._kwargs)
    ~~~~~~~~~~~~^^^^^^^^^^^^^^^^^^^^^^^^^^^^^
  File "/home/cmayfield/code/games/aibeatszelda/src/zelda/emulator.py", line 283, in state
    return State.parse(self.cmd("state"))
                       ~~~~~~~~^^^^^^^^^
  File "/home/cmayfield/code/games/aibeatszelda/src/zelda/search.py", line 479, in work
    s = emu.state()
  File "/home/cmayfield/code/games/aibeatszelda/src/zelda/emulator.py", line 240, in cmd
    resp = self._rf.readline()
  File "/home/cmayfield/code/games/aibeatszelda/src/zelda/emulator.py", line 283, in state
    return State.parse(self.cmd("state"))
                       ~~~~~~~~^^^^^^^^^
  File "/home/cmayfield/code/games/aibeatszelda/src/zelda/emulator.py", line 240, in cmd
    resp = self._rf.readline()
  File "/usr/lib/python3.14/socket.py", line 727, in readinto
    raise OSError("cannot read from timed out object")
  File "/usr/lib/python3.14/socket.py", line 727, in readinto
    raise OSError("cannot read from timed out object")
OSError: cannot read from timed out object
OSError: cannot read from timed out object
  attempt 3: success 325 frames, hearts 6.5
  attempt 5: success 321 frames, hearts 6.5
  attempt 10: success 319 frames, hearts 6.5
  (accept-after 8: took the 319-frame line after 16 attempts (8 without improvement) - flagged for a later pass)
  flagged rv_leg_13 for a later improvement pass (took the 319-frame line after 16 attempts (8 without improvement)); 36 flagged in flagged.json
[rv_leg_13] 319 frames, hearts 6.5 -> f49086 mode=05/00 L0 room=32 pos=(0,141) dir=1 hp=6.5/7 rup=48 sword=2 lag=8607 (total 49086 frames, 12764s wall)
Exception in thread Thread-145 (work):
Traceback (most recent call last):
  File "/usr/lib/python3.14/threading.py", line 1082, in _bootstrap_inner
    self._context.run(self.run)
    ~~~~~~~~~~~~~~~~~^^^^^^^^^^
Exception in thread Thread-146 (work):
  File "/usr/lib/python3.14/threading.py", line 1024, in run
    self._target(*self._args, **self._kwargs)
    ~~~~~~~~~~~~^^^^^^^^^^^^^^^^^^^^^^^^^^^^^
  File "/home/cmayfield/code/games/aibeatszelda/src/zelda/search.py", line 479, in work
    s = emu.state()
  File "/home/cmayfield/code/games/aibeatszelda/src/zelda/emulator.py", line 283, in state
    return State.parse(self.cmd("state"))
                       ~~~~~~~~^^^^^^^^^
  File "/home/cmayfield/code/games/aibeatszelda/src/zelda/emulator.py", line 240, in cmd
    resp = self._rf.readline()
Traceback (most recent call last):
  File "/usr/lib/python3.14/socket.py", line 727, in readinto
    raise OSError("cannot read from timed out object")
  File "/usr/lib/python3.14/threading.py", line 1082, in _bootstrap_inner
    self._context.run(self.run)
    ~~~~~~~~~~~~~~~~~^^^^^^^^^^
  File "/usr/lib/python3.14/threading.py", line 1024, in run
    self._target(*self._args, **self._kwargs)
    ~~~~~~~~~~~~^^^^^^^^^^^^^^^^^^^^^^^^^^^^^
OSError: cannot read from timed out object
  File "/home/cmayfield/code/games/aibeatszelda/src/zelda/search.py", line 479, in work
    s = emu.state()
  File "/home/cmayfield/code/games/aibeatszelda/src/zelda/emulator.py", line 283, in state
    return State.parse(self.cmd("state"))
                       ~~~~~~~~^^^^^^^^^
  File "/home/cmayfield/code/games/aibeatszelda/src/zelda/emulator.py", line 240, in cmd
    resp = self._rf.readline()
  File "/usr/lib/python3.14/socket.py", line 727, in readinto
    raise OSError("cannot read from timed out object")
OSError: cannot read from timed out object
  attempt 4: nav: Link died at f49461 mode=11/00 L0 room=3 (375 frames)
  attempt 3: success 496 frames, hearts 1.5
  attempt 5: nav: Link died at f49527 mode=11/01 L0 room=3 (441 frames)
  attempt 7: nav: Link died at f49448 mode=11/01 L0 room=3 (362 frames)
  attempt 9: success 530 frames, hearts 4.5
  attempt 11: success 516 frames, hearts 4.5
  attempt 12: nav: Link died at f49448 mode=11/01 L0 room=3 (362 frames)
  attempt 14: success 483 frames, hearts 4.5
  attempt 20: nav: Link died at f49489 mode=11/00 L0 room=3 (403 frames)
  attempt 19: nav: Link died at f49609 mode=11/00 L0 room=3 (523 frames)
  (accept-after 8: took the 483-frame line after 20 attempts (8 without improvement) - flagged for a later pass)
  attempt 23: nav: Link died at f49448 mode=11/01 L0 room=3 (362 frames)
  flagged rv_leg_14 for a later improvement pass (took the 483-frame line after 20 attempts (8 without improvement)); 37 flagged in flagged.json
[rv_leg_14] 483 frames, hearts 4.5 -> f49569 mode=05/00 L0 room=33 pos=(0,141) dir=1 hp=4.5/7 rup=48 sword=2 lag=8678 (total 49569 frames, 12805s wall)
Exception in thread Thread-149 (work):
Exception in thread Thread-150 (work):
Traceback (most recent call last):
Traceback (most recent call last):
  File "/usr/lib/python3.14/threading.py", line 1082, in _bootstrap_inner
    self._context.run(self.run)
    ~~~~~~~~~~~~~~~~~^^^^^^^^^^
  File "/usr/lib/python3.14/threading.py", line 1082, in _bootstrap_inner
    self._context.run(self.run)
    ~~~~~~~~~~~~~~~~~^^^^^^^^^^
  File "/usr/lib/python3.14/threading.py", line 1024, in run
    self._target(*self._args, **self._kwargs)
    ~~~~~~~~~~~~^^^^^^^^^^^^^^^^^^^^^^^^^^^^^
  File "/usr/lib/python3.14/threading.py", line 1024, in run
    self._target(*self._args, **self._kwargs)
    ~~~~~~~~~~~~^^^^^^^^^^^^^^^^^^^^^^^^^^^^^
  File "/home/cmayfield/code/games/aibeatszelda/src/zelda/search.py", line 479, in work
    s = emu.state()
  File "/home/cmayfield/code/games/aibeatszelda/src/zelda/search.py", line 479, in work
    s = emu.state()
  File "/home/cmayfield/code/games/aibeatszelda/src/zelda/emulator.py", line 283, in state
    return State.parse(self.cmd("state"))
                       ~~~~~~~~^^^^^^^^^
  File "/home/cmayfield/code/games/aibeatszelda/src/zelda/emulator.py", line 283, in state
    return State.parse(self.cmd("state"))
                       ~~~~~~~~^^^^^^^^^
  File "/home/cmayfield/code/games/aibeatszelda/src/zelda/emulator.py", line 240, in cmd
    resp = self._rf.readline()
  File "/home/cmayfield/code/games/aibeatszelda/src/zelda/emulator.py", line 240, in cmd
    resp = self._rf.readline()
  File "/usr/lib/python3.14/socket.py", line 727, in readinto
    raise OSError("cannot read from timed out object")
  File "/usr/lib/python3.14/socket.py", line 727, in readinto
    raise OSError("cannot read from timed out object")
OSError: cannot read from timed out object
OSError: cannot read from timed out object
  attempt 3: success 318 frames, hearts 4.5
  attempt 5: success 314 frames, hearts 4.5
  attempt 10: success 312 frames, hearts 4.5
  (accept-after 8: took the 312-frame line after 15 attempts (8 without improvement) - flagged for a later pass)
  flagged rv_leg_15 for a later improvement pass (took the 312-frame line after 15 attempts (8 without improvement)); 38 flagged in flagged.json
[rv_leg_15] 312 frames, hearts 4.5 -> f49881 mode=05/00 L0 room=23 pos=(208,221) dir=8 hp=4.5/7 rup=48 sword=2 lag=8730 (total 49881 frames, 12825s wall)
Exception in thread Thread-154 (work):
Exception in thread Thread-153 (work):
Traceback (most recent call last):
Traceback (most recent call last):
  File "/usr/lib/python3.14/threading.py", line 1082, in _bootstrap_inner
    self._context.run(self.run)
    ~~~~~~~~~~~~~~~~~^^^^^^^^^^
  File "/usr/lib/python3.14/threading.py", line 1082, in _bootstrap_inner
    self._context.run(self.run)
    ~~~~~~~~~~~~~~~~~^^^^^^^^^^
  File "/usr/lib/python3.14/threading.py", line 1024, in run
    self._target(*self._args, **self._kwargs)
    ~~~~~~~~~~~~^^^^^^^^^^^^^^^^^^^^^^^^^^^^^
  File "/usr/lib/python3.14/threading.py", line 1024, in run
    self._target(*self._args, **self._kwargs)
    ~~~~~~~~~~~~^^^^^^^^^^^^^^^^^^^^^^^^^^^^^
  File "/home/cmayfield/code/games/aibeatszelda/src/zelda/search.py", line 479, in work
    s = emu.state()
  File "/home/cmayfield/code/games/aibeatszelda/src/zelda/search.py", line 479, in work
    s = emu.state()
  File "/home/cmayfield/code/games/aibeatszelda/src/zelda/emulator.py", line 283, in state
    return State.parse(self.cmd("state"))
                       ~~~~~~~~^^^^^^^^^
  File "/home/cmayfield/code/games/aibeatszelda/src/zelda/emulator.py", line 283, in state
    return State.parse(self.cmd("state"))
                       ~~~~~~~~^^^^^^^^^
  File "/home/cmayfield/code/games/aibeatszelda/src/zelda/emulator.py", line 240, in cmd
    resp = self._rf.readline()
  File "/home/cmayfield/code/games/aibeatszelda/src/zelda/emulator.py", line 240, in cmd
    resp = self._rf.readline()
  File "/usr/lib/python3.14/socket.py", line 727, in readinto
    raise OSError("cannot read from timed out object")
  File "/usr/lib/python3.14/socket.py", line 727, in readinto
    raise OSError("cannot read from timed out object")
OSError: cannot read from timed out object
OSError: cannot read from timed out object
  attempt 4: success 239 frames, hearts 4.5
  attempt 5: success 232 frames, hearts 4.5
  attempt 10: success 231 frames, hearts 4.5
  (accept-after 8: took the 231-frame line after 16 attempts (8 without improvement) - flagged for a later pass)
  flagged rv_leg_16 for a later improvement pass (took the 231-frame line after 16 attempts (8 without improvement)); 39 flagged in flagged.json
[rv_leg_16] 231 frames, hearts 4.5 -> f50112 mode=05/00 L0 room=24 pos=(0,101) dir=1 hp=4.5/7 rup=48 sword=2 lag=8801 (total 50112 frames, 12841s wall)
Exception in thread Thread-158 (work):
Exception in thread Thread-157 (work):
Traceback (most recent call last):
Traceback (most recent call last):
  File "/usr/lib/python3.14/threading.py", line 1082, in _bootstrap_inner
    self._context.run(self.run)
    ~~~~~~~~~~~~~~~~~^^^^^^^^^^
  File "/usr/lib/python3.14/threading.py", line 1082, in _bootstrap_inner
    self._context.run(self.run)
    ~~~~~~~~~~~~~~~~~^^^^^^^^^^
  File "/usr/lib/python3.14/threading.py", line 1024, in run
    self._target(*self._args, **self._kwargs)
    ~~~~~~~~~~~~^^^^^^^^^^^^^^^^^^^^^^^^^^^^^
  File "/usr/lib/python3.14/threading.py", line 1024, in run
    self._target(*self._args, **self._kwargs)
    ~~~~~~~~~~~~^^^^^^^^^^^^^^^^^^^^^^^^^^^^^
  File "/home/cmayfield/code/games/aibeatszelda/src/zelda/search.py", line 479, in work
    s = emu.state()
  File "/home/cmayfield/code/games/aibeatszelda/src/zelda/search.py", line 479, in work
    s = emu.state()
  File "/home/cmayfield/code/games/aibeatszelda/src/zelda/emulator.py", line 283, in state
    return State.parse(self.cmd("state"))
                       ~~~~~~~~^^^^^^^^^
  File "/home/cmayfield/code/games/aibeatszelda/src/zelda/emulator.py", line 283, in state
    return State.parse(self.cmd("state"))
                       ~~~~~~~~^^^^^^^^^
  File "/home/cmayfield/code/games/aibeatszelda/src/zelda/emulator.py", line 240, in cmd
    resp = self._rf.readline()
  File "/home/cmayfield/code/games/aibeatszelda/src/zelda/emulator.py", line 240, in cmd
    resp = self._rf.readline()
  File "/usr/lib/python3.14/socket.py", line 727, in readinto
    raise OSError("cannot read from timed out object")
  File "/usr/lib/python3.14/socket.py", line 727, in readinto
    raise OSError("cannot read from timed out object")
OSError: cannot read from timed out object
OSError: cannot read from timed out object
  attempt 4: success 254 frames, hearts 4.5
  attempt 5: success 249 frames, hearts 4.5
  attempt 10: success 248 frames, hearts 4.5
  (accept-after 8: took the 248-frame line after 16 attempts (8 without improvement) - flagged for a later pass)
  flagged rv_leg_17 for a later improvement pass (took the 248-frame line after 16 attempts (8 without improvement)); 40 flagged in flagged.json
[rv_leg_17] 248 frames, hearts 4.5 -> f50360 mode=05/00 L0 room=14 pos=(160,221) dir=8 hp=4.5/7 rup=48 sword=2 lag=8853 (total 50360 frames, 12858s wall)
Exception in thread Thread-161 (work):
Traceback (most recent call last):
Exception in thread Thread-162 (work):
  File "/usr/lib/python3.14/threading.py", line 1082, in _bootstrap_inner
    self._context.run(self.run)
    ~~~~~~~~~~~~~~~~~^^^^^^^^^^
  File "/usr/lib/python3.14/threading.py", line 1024, in run
    self._target(*self._args, **self._kwargs)
    ~~~~~~~~~~~~^^^^^^^^^^^^^^^^^^^^^^^^^^^^^
  File "/home/cmayfield/code/games/aibeatszelda/src/zelda/search.py", line 479, in work
    s = emu.state()
  File "/home/cmayfield/code/games/aibeatszelda/src/zelda/emulator.py", line 283, in state
    return State.parse(self.cmd("state"))
                       ~~~~~~~~^^^^^^^^^
  File "/home/cmayfield/code/games/aibeatszelda/src/zelda/emulator.py", line 240, in cmd
    resp = self._rf.readline()
  File "/usr/lib/python3.14/socket.py", line 727, in readinto
    raise OSError("cannot read from timed out object")
OSError: cannot read from timed out object
Traceback (most recent call last):
  File "/usr/lib/python3.14/threading.py", line 1082, in _bootstrap_inner
    self._context.run(self.run)
    ~~~~~~~~~~~~~~~~~^^^^^^^^^^
  File "/usr/lib/python3.14/threading.py", line 1024, in run
    self._target(*self._args, **self._kwargs)
    ~~~~~~~~~~~~^^^^^^^^^^^^^^^^^^^^^^^^^^^^^
  File "/home/cmayfield/code/games/aibeatszelda/src/zelda/search.py", line 479, in work
    s = emu.state()
  File "/home/cmayfield/code/games/aibeatszelda/src/zelda/emulator.py", line 283, in state
    return State.parse(self.cmd("state"))
                       ~~~~~~~~^^^^^^^^^
  File "/home/cmayfield/code/games/aibeatszelda/src/zelda/emulator.py", line 240, in cmd
    resp = self._rf.readline()
  File "/usr/lib/python3.14/socket.py", line 727, in readinto
    raise OSError("cannot read from timed out object")
OSError: cannot read from timed out object
  attempt 3: success 270 frames, hearts 4.5
  attempt 5: success 265 frames, hearts 4.5
  attempt 10: success 264 frames, hearts 4.5
  (accept-after 8: took the 264-frame line after 15 attempts (8 without improvement) - flagged for a later pass)
  flagged rv_leg_18 for a later improvement pass (took the 264-frame line after 15 attempts (8 without improvement)); 41 flagged in flagged.json
[rv_leg_18] 264 frames, hearts 4.5 -> f50624 mode=05/00 L0 room=13 pos=(240,189) dir=2 hp=4.5/7 rup=48 sword=2 lag=8924 (total 50624 frames, 12875s wall)
Exception in thread Thread-165 (work):
Traceback (most recent call last):
Exception in thread Thread-166 (work):
  File "/usr/lib/python3.14/threading.py", line 1082, in _bootstrap_inner
    self._context.run(self.run)
    ~~~~~~~~~~~~~~~~~^^^^^^^^^^
  File "/usr/lib/python3.14/threading.py", line 1024, in run
    self._target(*self._args, **self._kwargs)
    ~~~~~~~~~~~~^^^^^^^^^^^^^^^^^^^^^^^^^^^^^
  File "/home/cmayfield/code/games/aibeatszelda/src/zelda/search.py", line 479, in work
    s = emu.state()
  File "/home/cmayfield/code/games/aibeatszelda/src/zelda/emulator.py", line 283, in state
    return State.parse(self.cmd("state"))
                       ~~~~~~~~^^^^^^^^^
  File "/home/cmayfield/code/games/aibeatszelda/src/zelda/emulator.py", line 240, in cmd
    resp = self._rf.readline()
  File "/usr/lib/python3.14/socket.py", line 727, in readinto
    raise OSError("cannot read from timed out object")
OSError: cannot read from timed out object
Traceback (most recent call last):
  File "/usr/lib/python3.14/threading.py", line 1082, in _bootstrap_inner
    self._context.run(self.run)
    ~~~~~~~~~~~~~~~~~^^^^^^^^^^
  File "/usr/lib/python3.14/threading.py", line 1024, in run
    self._target(*self._args, **self._kwargs)
    ~~~~~~~~~~~~^^^^^^^^^^^^^^^^^^^^^^^^^^^^^
  File "/home/cmayfield/code/games/aibeatszelda/src/zelda/search.py", line 479, in work
    s = emu.state()
  File "/home/cmayfield/code/games/aibeatszelda/src/zelda/emulator.py", line 283, in state
    return State.parse(self.cmd("state"))
                       ~~~~~~~~^^^^^^^^^
  File "/home/cmayfield/code/games/aibeatszelda/src/zelda/emulator.py", line 240, in cmd
    resp = self._rf.readline()
  File "/usr/lib/python3.14/socket.py", line 727, in readinto
    raise OSError("cannot read from timed out object")
OSError: cannot read from timed out object
  attempt 3: success 326 frames, hearts 4.5
  attempt 5: success 321 frames, hearts 4.5
  attempt 7: success 323 frames, hearts 7.0
  (accept-after 8: took the 323-frame line after 13 attempts (8 without improvement) - flagged for a later pass)
  flagged rv_leg_19 for a later improvement pass (took the 323-frame line after 13 attempts (8 without improvement)); 42 flagged in flagged.json
[rv_leg_19] 323 frames, hearts 7.0 -> f50947 mode=05/00 L0 room=03 pos=(160,221) dir=8 hp=7.0/7 rup=48 sword=2 lag=8976 (total 50947 frames, 12893s wall)
Exception in thread Thread-169 (work):
Traceback (most recent call last):
Exception in thread Thread-170 (work):
Traceback (most recent call last):
  File "/usr/lib/python3.14/threading.py", line 1082, in _bootstrap_inner
    self._context.run(self.run)
    ~~~~~~~~~~~~~~~~~^^^^^^^^^^
  File "/usr/lib/python3.14/threading.py", line 1024, in run
    self._target(*self._args, **self._kwargs)
    ~~~~~~~~~~~~^^^^^^^^^^^^^^^^^^^^^^^^^^^^^
  File "/home/cmayfield/code/games/aibeatszelda/src/zelda/search.py", line 479, in work
    s = emu.state()
  File "/home/cmayfield/code/games/aibeatszelda/src/zelda/emulator.py", line 283, in state
    return State.parse(self.cmd("state"))
                       ~~~~~~~~^^^^^^^^^
  File "/home/cmayfield/code/games/aibeatszelda/src/zelda/emulator.py", line 240, in cmd
    resp = self._rf.readline()
  File "/usr/lib/python3.14/socket.py", line 727, in readinto
    raise OSError("cannot read from timed out object")
OSError: cannot read from timed out object
  File "/usr/lib/python3.14/threading.py", line 1082, in _bootstrap_inner
    self._context.run(self.run)
    ~~~~~~~~~~~~~~~~~^^^^^^^^^^
  File "/usr/lib/python3.14/threading.py", line 1024, in run
    self._target(*self._args, **self._kwargs)
    ~~~~~~~~~~~~^^^^^^^^^^^^^^^^^^^^^^^^^^^^^
  File "/home/cmayfield/code/games/aibeatszelda/src/zelda/search.py", line 479, in work
    s = emu.state()
  File "/home/cmayfield/code/games/aibeatszelda/src/zelda/emulator.py", line 283, in state
    return State.parse(self.cmd("state"))
                       ~~~~~~~~^^^^^^^^^
  File "/home/cmayfield/code/games/aibeatszelda/src/zelda/emulator.py", line 240, in cmd
    resp = self._rf.readline()
  File "/usr/lib/python3.14/socket.py", line 727, in readinto
    raise OSError("cannot read from timed out object")
OSError: cannot read from timed out object
  attempt 4: success 132 frames, hearts 7.0
  attempt 5: success 128 frames, hearts 7.0
  (accept-after 8: took the 128-frame line after 11 attempts (8 without improvement) - flagged for a later pass)
  flagged rv_leg_20 for a later improvement pass (took the 128-frame line after 11 attempts (8 without improvement)); 43 flagged in flagged.json
[rv_leg_20] 128 frames, hearts 7.0 -> f51075 mode=05/00 L0 room=13 pos=(160,61) dir=4 hp=7.0/7 rup=48 sword=2 lag=9026 (total 51075 frames, 12899s wall)
Exception in thread Thread-173 (work):
Exception in thread Thread-174 (work):
Traceback (most recent call last):
Traceback (most recent call last):
  File "/usr/lib/python3.14/threading.py", line 1082, in _bootstrap_inner
    self._context.run(self.run)
    ~~~~~~~~~~~~~~~~~^^^^^^^^^^
  File "/usr/lib/python3.14/threading.py", line 1024, in run
    self._target(*self._args, **self._kwargs)
    ~~~~~~~~~~~~^^^^^^^^^^^^^^^^^^^^^^^^^^^^^
  File "/home/cmayfield/code/games/aibeatszelda/src/zelda/search.py", line 479, in work
    s = emu.state()
  File "/home/cmayfield/code/games/aibeatszelda/src/zelda/emulator.py", line 283, in state
    return State.parse(self.cmd("state"))
                       ~~~~~~~~^^^^^^^^^
  File "/home/cmayfield/code/games/aibeatszelda/src/zelda/emulator.py", line 240, in cmd
    resp = self._rf.readline()
  File "/usr/lib/python3.14/socket.py", line 727, in readinto
    raise OSError("cannot read from timed out object")
OSError: cannot read from timed out object
  File "/usr/lib/python3.14/threading.py", line 1082, in _bootstrap_inner
    self._context.run(self.run)
    ~~~~~~~~~~~~~~~~~^^^^^^^^^^
  File "/usr/lib/python3.14/threading.py", line 1024, in run
    self._target(*self._args, **self._kwargs)
    ~~~~~~~~~~~~^^^^^^^^^^^^^^^^^^^^^^^^^^^^^
  File "/home/cmayfield/code/games/aibeatszelda/src/zelda/search.py", line 479, in work
    s = emu.state()
  File "/home/cmayfield/code/games/aibeatszelda/src/zelda/emulator.py", line 283, in state
    return State.parse(self.cmd("state"))
                       ~~~~~~~~^^^^^^^^^
  File "/home/cmayfield/code/games/aibeatszelda/src/zelda/emulator.py", line 240, in cmd
    resp = self._rf.readline()
  File "/usr/lib/python3.14/socket.py", line 727, in readinto
    raise OSError("cannot read from timed out object")
OSError: cannot read from timed out object
  attempt 3: success 306 frames, hearts 7.0
  attempt 5: success 301 frames, hearts 7.0
  attempt 10: success 300 frames, hearts 7.0
  (accept-after 8: took the 300-frame line after 15 attempts (8 without improvement) - flagged for a later pass)
  flagged rv_leg_21 for a later improvement pass (took the 300-frame line after 15 attempts (8 without improvement)); 44 flagged in flagged.json
[rv_leg_21] 300 frames, hearts 7.0 -> f51375 mode=05/00 L0 room=14 pos=(0,189) dir=1 hp=7.0/7 rup=48 sword=2 lag=9097 (total 51375 frames, 12918s wall)
Exception in thread Thread-177 (work):
Exception in thread Thread-178 (work):
Traceback (most recent call last):
Traceback (most recent call last):
  File "/usr/lib/python3.14/threading.py", line 1082, in _bootstrap_inner
    self._context.run(self.run)
    ~~~~~~~~~~~~~~~~~^^^^^^^^^^
  File "/usr/lib/python3.14/threading.py", line 1024, in run
    self._target(*self._args, **self._kwargs)
    ~~~~~~~~~~~~^^^^^^^^^^^^^^^^^^^^^^^^^^^^^
  File "/home/cmayfield/code/games/aibeatszelda/src/zelda/search.py", line 479, in work
    s = emu.state()
  File "/home/cmayfield/code/games/aibeatszelda/src/zelda/emulator.py", line 283, in state
    return State.parse(self.cmd("state"))
                       ~~~~~~~~^^^^^^^^^
  File "/usr/lib/python3.14/threading.py", line 1082, in _bootstrap_inner
    self._context.run(self.run)
    ~~~~~~~~~~~~~~~~~^^^^^^^^^^
  File "/home/cmayfield/code/games/aibeatszelda/src/zelda/emulator.py", line 240, in cmd
    resp = self._rf.readline()
  File "/usr/lib/python3.14/threading.py", line 1024, in run
    self._target(*self._args, **self._kwargs)
    ~~~~~~~~~~~~^^^^^^^^^^^^^^^^^^^^^^^^^^^^^
  File "/usr/lib/python3.14/socket.py", line 727, in readinto
    raise OSError("cannot read from timed out object")
  File "/home/cmayfield/code/games/aibeatszelda/src/zelda/search.py", line 479, in work
    s = emu.state()
OSError: cannot read from timed out object
  File "/home/cmayfield/code/games/aibeatszelda/src/zelda/emulator.py", line 283, in state
    return State.parse(self.cmd("state"))
                       ~~~~~~~~^^^^^^^^^
  File "/home/cmayfield/code/games/aibeatszelda/src/zelda/emulator.py", line 240, in cmd
    resp = self._rf.readline()
  File "/usr/lib/python3.14/socket.py", line 727, in readinto
    raise OSError("cannot read from timed out object")
OSError: cannot read from timed out object
  attempt 3: success 427 frames, hearts 7.0
  (accept-after 8: took the 427-frame line after 9 attempts (8 without improvement) - flagged for a later pass)
  flagged rv_leg_22 for a later improvement pass (took the 427-frame line after 9 attempts (8 without improvement)); 45 flagged in flagged.json
[rv_leg_22] 427 frames, hearts 7.0 -> f51802 mode=05/00 L0 room=24 pos=(160,61) dir=4 hp=7.0/7 rup=48 sword=2 lag=9147 (total 51802 frames, 12939s wall)
Exception in thread Thread-181 (work):
Exception in thread Thread-182 (work):
Traceback (most recent call last):
  File "/usr/lib/python3.14/threading.py", line 1082, in _bootstrap_inner
    self._context.run(self.run)
    ~~~~~~~~~~~~~~~~~^^^^^^^^^^
  File "/usr/lib/python3.14/threading.py", line 1024, in run
    self._target(*self._args, **self._kwargs)
    ~~~~~~~~~~~~^^^^^^^^^^^^^^^^^^^^^^^^^^^^^
Traceback (most recent call last):
  File "/home/cmayfield/code/games/aibeatszelda/src/zelda/search.py", line 479, in work
    s = emu.state()
  File "/home/cmayfield/code/games/aibeatszelda/src/zelda/emulator.py", line 283, in state
    return State.parse(self.cmd("state"))
                       ~~~~~~~~^^^^^^^^^
  File "/usr/lib/python3.14/threading.py", line 1082, in _bootstrap_inner
    self._context.run(self.run)
    ~~~~~~~~~~~~~~~~~^^^^^^^^^^
  File "/home/cmayfield/code/games/aibeatszelda/src/zelda/emulator.py", line 240, in cmd
    resp = self._rf.readline()
  File "/usr/lib/python3.14/threading.py", line 1024, in run
    self._target(*self._args, **self._kwargs)
    ~~~~~~~~~~~~^^^^^^^^^^^^^^^^^^^^^^^^^^^^^
  File "/usr/lib/python3.14/socket.py", line 727, in readinto
    raise OSError("cannot read from timed out object")
  File "/home/cmayfield/code/games/aibeatszelda/src/zelda/search.py", line 479, in work
    s = emu.state()
  File "/home/cmayfield/code/games/aibeatszelda/src/zelda/emulator.py", line 283, in state
    return State.parse(self.cmd("state"))
                       ~~~~~~~~^^^^^^^^^
OSError: cannot read from timed out object
  File "/home/cmayfield/code/games/aibeatszelda/src/zelda/emulator.py", line 240, in cmd
    resp = self._rf.readline()
  File "/usr/lib/python3.14/socket.py", line 727, in readinto
    raise OSError("cannot read from timed out object")
OSError: cannot read from timed out object
  attempt 4: success 271 frames, hearts 7.0
  attempt 5: success 266 frames, hearts 7.0
  attempt 10: success 265 frames, hearts 7.0
  (accept-after 8: took the 265-frame line after 16 attempts (8 without improvement) - flagged for a later pass)
  flagged rv_leg_23 for a later improvement pass (took the 265-frame line after 16 attempts (8 without improvement)); 46 flagged in flagged.json
[rv_leg_23] 265 frames, hearts 7.0 -> f52067 mode=05/00 L0 room=23 pos=(240,101) dir=2 hp=7.0/7 rup=48 sword=2 lag=9218 (total 52067 frames, 12957s wall)
Exception in thread Thread-185 (work):
Exception in thread Thread-186 (work):
Traceback (most recent call last):
Traceback (most recent call last):
  File "/usr/lib/python3.14/threading.py", line 1082, in _bootstrap_inner
    self._context.run(self.run)
    ~~~~~~~~~~~~~~~~~^^^^^^^^^^
  File "/usr/lib/python3.14/threading.py", line 1082, in _bootstrap_inner
    self._context.run(self.run)
    ~~~~~~~~~~~~~~~~~^^^^^^^^^^
  File "/usr/lib/python3.14/threading.py", line 1024, in run
    self._target(*self._args, **self._kwargs)
    ~~~~~~~~~~~~^^^^^^^^^^^^^^^^^^^^^^^^^^^^^
  File "/usr/lib/python3.14/threading.py", line 1024, in run
    self._target(*self._args, **self._kwargs)
    ~~~~~~~~~~~~^^^^^^^^^^^^^^^^^^^^^^^^^^^^^
  File "/home/cmayfield/code/games/aibeatszelda/src/zelda/search.py", line 479, in work
    s = emu.state()
  File "/home/cmayfield/code/games/aibeatszelda/src/zelda/search.py", line 479, in work
    s = emu.state()
  File "/home/cmayfield/code/games/aibeatszelda/src/zelda/emulator.py", line 283, in state
    return State.parse(self.cmd("state"))
                       ~~~~~~~~^^^^^^^^^
  File "/home/cmayfield/code/games/aibeatszelda/src/zelda/emulator.py", line 283, in state
    return State.parse(self.cmd("state"))
                       ~~~~~~~~^^^^^^^^^
  File "/home/cmayfield/code/games/aibeatszelda/src/zelda/emulator.py", line 240, in cmd
    resp = self._rf.readline()
  File "/home/cmayfield/code/games/aibeatszelda/src/zelda/emulator.py", line 240, in cmd
    resp = self._rf.readline()
  File "/usr/lib/python3.14/socket.py", line 727, in readinto
    raise OSError("cannot read from timed out object")
  File "/usr/lib/python3.14/socket.py", line 727, in readinto
    raise OSError("cannot read from timed out object")
OSError: cannot read from timed out object
OSError: cannot read from timed out object
  attempt 3: success 224 frames, hearts 7.0
  attempt 5: success 218 frames, hearts 7.0
  (accept-after 8: took the 218-frame line after 11 attempts (8 without improvement) - flagged for a later pass)
  flagged rv_leg_24 for a later improvement pass (took the 218-frame line after 11 attempts (8 without improvement)); 47 flagged in flagged.json
[rv_leg_24] 218 frames, hearts 7.0 -> f52285 mode=05/00 L0 room=33 pos=(208,61) dir=4 hp=7.0/7 rup=48 sword=2 lag=9268 (total 52285 frames, 12967s wall)
Exception in thread Thread-189 (work):
Exception in thread Thread-190 (work):
Traceback (most recent call last):
  File "/usr/lib/python3.14/threading.py", line 1082, in _bootstrap_inner
    self._context.run(self.run)
    ~~~~~~~~~~~~~~~~~^^^^^^^^^^
Traceback (most recent call last):
  File "/usr/lib/python3.14/threading.py", line 1024, in run
    self._target(*self._args, **self._kwargs)
    ~~~~~~~~~~~~^^^^^^^^^^^^^^^^^^^^^^^^^^^^^
  File "/usr/lib/python3.14/threading.py", line 1082, in _bootstrap_inner
    self._context.run(self.run)
    ~~~~~~~~~~~~~~~~~^^^^^^^^^^
  File "/home/cmayfield/code/games/aibeatszelda/src/zelda/search.py", line 479, in work
    s = emu.state()
  File "/usr/lib/python3.14/threading.py", line 1024, in run
    self._target(*self._args, **self._kwargs)
    ~~~~~~~~~~~~^^^^^^^^^^^^^^^^^^^^^^^^^^^^^
  File "/home/cmayfield/code/games/aibeatszelda/src/zelda/emulator.py", line 283, in state
    return State.parse(self.cmd("state"))
                       ~~~~~~~~^^^^^^^^^
  File "/home/cmayfield/code/games/aibeatszelda/src/zelda/search.py", line 479, in work
    s = emu.state()
  File "/home/cmayfield/code/games/aibeatszelda/src/zelda/emulator.py", line 240, in cmd
    resp = self._rf.readline()
  File "/home/cmayfield/code/games/aibeatszelda/src/zelda/emulator.py", line 283, in state
    return State.parse(self.cmd("state"))
                       ~~~~~~~~^^^^^^^^^
  File "/usr/lib/python3.14/socket.py", line 727, in readinto
    raise OSError("cannot read from timed out object")
  File "/home/cmayfield/code/games/aibeatszelda/src/zelda/emulator.py", line 240, in cmd
    resp = self._rf.readline()
OSError: cannot read from timed out object
  File "/usr/lib/python3.14/socket.py", line 727, in readinto
    raise OSError("cannot read from timed out object")
OSError: cannot read from timed out object
  attempt 4: success 337 frames, hearts 7.0
  attempt 5: success 333 frames, hearts 7.0
  attempt 10: success 331 frames, hearts 7.0
  (accept-after 8: took the 331-frame line after 16 attempts (8 without improvement) - flagged for a later pass)
  flagged rv_leg_25 for a later improvement pass (took the 331-frame line after 16 attempts (8 without improvement)); 48 flagged in flagged.json
[rv_leg_25] 331 frames, hearts 7.0 -> f52616 mode=05/00 L0 room=32 pos=(240,141) dir=2 hp=7.0/7 rup=48 sword=2 lag=9339 (total 52616 frames, 12990s wall)
Exception in thread Thread-193 (work):
Exception in thread Thread-194 (work):
Traceback (most recent call last):
Traceback (most recent call last):
  File "/usr/lib/python3.14/threading.py", line 1082, in _bootstrap_inner
    self._context.run(self.run)
    ~~~~~~~~~~~~~~~~~^^^^^^^^^^
  File "/usr/lib/python3.14/threading.py", line 1082, in _bootstrap_inner
    self._context.run(self.run)
    ~~~~~~~~~~~~~~~~~^^^^^^^^^^
  File "/usr/lib/python3.14/threading.py", line 1024, in run
    self._target(*self._args, **self._kwargs)
    ~~~~~~~~~~~~^^^^^^^^^^^^^^^^^^^^^^^^^^^^^
  File "/home/cmayfield/code/games/aibeatszelda/src/zelda/search.py", line 479, in work
    s = emu.state()
  File "/usr/lib/python3.14/threading.py", line 1024, in run
    self._target(*self._args, **self._kwargs)
    ~~~~~~~~~~~~^^^^^^^^^^^^^^^^^^^^^^^^^^^^^
  File "/home/cmayfield/code/games/aibeatszelda/src/zelda/search.py", line 479, in work
    s = emu.state()
  File "/home/cmayfield/code/games/aibeatszelda/src/zelda/emulator.py", line 283, in state
    return State.parse(self.cmd("state"))
                       ~~~~~~~~^^^^^^^^^
  File "/home/cmayfield/code/games/aibeatszelda/src/zelda/emulator.py", line 283, in state
    return State.parse(self.cmd("state"))
                       ~~~~~~~~^^^^^^^^^
  File "/home/cmayfield/code/games/aibeatszelda/src/zelda/emulator.py", line 240, in cmd
    resp = self._rf.readline()
  File "/usr/lib/python3.14/socket.py", line 727, in readinto
    raise OSError("cannot read from timed out object")
OSError: cannot read from timed out object
  File "/home/cmayfield/code/games/aibeatszelda/src/zelda/emulator.py", line 240, in cmd
    resp = self._rf.readline()
  File "/usr/lib/python3.14/socket.py", line 727, in readinto
    raise OSError("cannot read from timed out object")
OSError: cannot read from timed out object
  attempt 3: success 358 frames, hearts 7.0
  attempt 5: success 354 frames, hearts 7.0
  attempt 10: success 352 frames, hearts 7.0
  (accept-after 8: took the 352-frame line after 16 attempts (8 without improvement) - flagged for a later pass)
  flagged rv_leg_26 for a later improvement pass (took the 352-frame line after 16 attempts (8 without improvement)); 49 flagged in flagged.json
[rv_leg_26] 352 frames, hearts 7.0 -> f52968 mode=05/00 L0 room=31 pos=(240,141) dir=2 hp=7.0/7 rup=48 sword=2 lag=9410 (total 52968 frames, 13016s wall)
Exception in thread Thread-198 (work):
Exception in thread Thread-197 (work):
Traceback (most recent call last):
Traceback (most recent call last):
  File "/usr/lib/python3.14/threading.py", line 1082, in _bootstrap_inner
    self._context.run(self.run)
    ~~~~~~~~~~~~~~~~~^^^^^^^^^^
  File "/usr/lib/python3.14/threading.py", line 1082, in _bootstrap_inner
    self._context.run(self.run)
    ~~~~~~~~~~~~~~~~~^^^^^^^^^^
  File "/usr/lib/python3.14/threading.py", line 1024, in run
    self._target(*self._args, **self._kwargs)
    ~~~~~~~~~~~~^^^^^^^^^^^^^^^^^^^^^^^^^^^^^
  File "/usr/lib/python3.14/threading.py", line 1024, in run
    self._target(*self._args, **self._kwargs)
    ~~~~~~~~~~~~^^^^^^^^^^^^^^^^^^^^^^^^^^^^^
  File "/home/cmayfield/code/games/aibeatszelda/src/zelda/search.py", line 479, in work
    s = emu.state()
  File "/home/cmayfield/code/games/aibeatszelda/src/zelda/search.py", line 479, in work
    s = emu.state()
  File "/home/cmayfield/code/games/aibeatszelda/src/zelda/emulator.py", line 283, in state
    return State.parse(self.cmd("state"))
                       ~~~~~~~~^^^^^^^^^
  File "/home/cmayfield/code/games/aibeatszelda/src/zelda/emulator.py", line 283, in state
    return State.parse(self.cmd("state"))
                       ~~~~~~~~^^^^^^^^^
  File "/home/cmayfield/code/games/aibeatszelda/src/zelda/emulator.py", line 240, in cmd
    resp = self._rf.readline()
  File "/home/cmayfield/code/games/aibeatszelda/src/zelda/emulator.py", line 240, in cmd
    resp = self._rf.readline()
  File "/usr/lib/python3.14/socket.py", line 727, in readinto
    raise OSError("cannot read from timed out object")
  File "/usr/lib/python3.14/socket.py", line 727, in readinto
    raise OSError("cannot read from timed out object")
OSError: cannot read from timed out object
OSError: cannot read from timed out object
  attempt 4: success 304 frames, hearts 7.0
  attempt 5: success 300 frames, hearts 7.0
  attempt 10: success 298 frames, hearts 7.0
  (accept-after 8: took the 298-frame line after 16 attempts (8 without improvement) - flagged for a later pass)
  flagged rv_leg_27 for a later improvement pass (took the 298-frame line after 16 attempts (8 without improvement)); 50 flagged in flagged.json
[rv_leg_27] 298 frames, hearts 7.0 -> f53266 mode=05/00 L0 room=41 pos=(32,61) dir=4 hp=7.0/7 rup=48 sword=2 lag=9460 (total 53266 frames, 13038s wall)
Exception in thread Thread-201 (work):
Exception in thread Thread-202 (work):
Traceback (most recent call last):
Traceback (most recent call last):
  File "/usr/lib/python3.14/threading.py", line 1082, in _bootstrap_inner
    self._context.run(self.run)
    ~~~~~~~~~~~~~~~~~^^^^^^^^^^
  File "/usr/lib/python3.14/threading.py", line 1024, in run
    self._target(*self._args, **self._kwargs)
    ~~~~~~~~~~~~^^^^^^^^^^^^^^^^^^^^^^^^^^^^^
  File "/home/cmayfield/code/games/aibeatszelda/src/zelda/search.py", line 479, in work
    s = emu.state()
  File "/home/cmayfield/code/games/aibeatszelda/src/zelda/emulator.py", line 283, in state
    return State.parse(self.cmd("state"))
                       ~~~~~~~~^^^^^^^^^
  File "/home/cmayfield/code/games/aibeatszelda/src/zelda/emulator.py", line 240, in cmd
    resp = self._rf.readline()
  File "/usr/lib/python3.14/socket.py", line 727, in readinto
    raise OSError("cannot read from timed out object")
OSError: cannot read from timed out object
  File "/usr/lib/python3.14/threading.py", line 1082, in _bootstrap_inner
    self._context.run(self.run)
    ~~~~~~~~~~~~~~~~~^^^^^^^^^^
  File "/usr/lib/python3.14/threading.py", line 1024, in run
    self._target(*self._args, **self._kwargs)
    ~~~~~~~~~~~~^^^^^^^^^^^^^^^^^^^^^^^^^^^^^
  File "/home/cmayfield/code/games/aibeatszelda/src/zelda/search.py", line 479, in work
    s = emu.state()
  File "/home/cmayfield/code/games/aibeatszelda/src/zelda/emulator.py", line 283, in state
    return State.parse(self.cmd("state"))
                       ~~~~~~~~^^^^^^^^^
  File "/home/cmayfield/code/games/aibeatszelda/src/zelda/emulator.py", line 240, in cmd
    resp = self._rf.readline()
  File "/usr/lib/python3.14/socket.py", line 727, in readinto
    raise OSError("cannot read from timed out object")
OSError: cannot read from timed out object
  attempt 3: success 158 frames, hearts 7.0
  attempt 5: success 154 frames, hearts 7.0
  (accept-after 8: took the 154-frame line after 11 attempts (8 without improvement) - flagged for a later pass)
  flagged rv_leg_28 for a later improvement pass (took the 154-frame line after 11 attempts (8 without improvement)); 51 flagged in flagged.json
[rv_leg_28] 154 frames, hearts 7.0 -> f53420 mode=05/00 L0 room=40 pos=(240,93) dir=2 hp=7.0/7 rup=48 sword=2 lag=9531 (total 53420 frames, 13046s wall)
Exception in thread Thread-206 (work):
Exception in thread Thread-205 (work):
Traceback (most recent call last):
Traceback (most recent call last):
  File "/usr/lib/python3.14/threading.py", line 1082, in _bootstrap_inner
    self._context.run(self.run)
    ~~~~~~~~~~~~~~~~~^^^^^^^^^^
  File "/usr/lib/python3.14/threading.py", line 1082, in _bootstrap_inner
    self._context.run(self.run)
    ~~~~~~~~~~~~~~~~~^^^^^^^^^^
  File "/usr/lib/python3.14/threading.py", line 1024, in run
    self._target(*self._args, **self._kwargs)
    ~~~~~~~~~~~~^^^^^^^^^^^^^^^^^^^^^^^^^^^^^
  File "/usr/lib/python3.14/threading.py", line 1024, in run
    self._target(*self._args, **self._kwargs)
    ~~~~~~~~~~~~^^^^^^^^^^^^^^^^^^^^^^^^^^^^^
  File "/home/cmayfield/code/games/aibeatszelda/src/zelda/search.py", line 479, in work
    s = emu.state()
  File "/home/cmayfield/code/games/aibeatszelda/src/zelda/emulator.py", line 283, in state
    return State.parse(self.cmd("state"))
                       ~~~~~~~~^^^^^^^^^
  File "/home/cmayfield/code/games/aibeatszelda/src/zelda/emulator.py", line 240, in cmd
    resp = self._rf.readline()
  File "/usr/lib/python3.14/socket.py", line 727, in readinto
    raise OSError("cannot read from timed out object")
OSError: cannot read from timed out object
  File "/home/cmayfield/code/games/aibeatszelda/src/zelda/search.py", line 479, in work
    s = emu.state()
  File "/home/cmayfield/code/games/aibeatszelda/src/zelda/emulator.py", line 283, in state
    return State.parse(self.cmd("state"))
                       ~~~~~~~~^^^^^^^^^
  File "/home/cmayfield/code/games/aibeatszelda/src/zelda/emulator.py", line 240, in cmd
    resp = self._rf.readline()
  File "/usr/lib/python3.14/socket.py", line 727, in readinto
    raise OSError("cannot read from timed out object")
OSError: cannot read from timed out object
  attempt 4: success 218 frames, hearts 7.0
  attempt 5: success 212 frames, hearts 7.0
  (accept-after 8: took the 212-frame line after 11 attempts (8 without improvement) - flagged for a later pass)
  flagged rv_leg_29 for a later improvement pass (took the 212-frame line after 11 attempts (8 without improvement)); 52 flagged in flagged.json
[rv_leg_29] 212 frames, hearts 7.0 -> f53632 mode=05/00 L0 room=50 pos=(224,61) dir=4 hp=7.0/7 rup=48 sword=2 lag=9581 (total 53632 frames, 13056s wall)
Exception in thread Thread-209 (work):
Traceback (most recent call last):
Exception in thread Thread-210 (work):
  File "/usr/lib/python3.14/threading.py", line 1082, in _bootstrap_inner
    self._context.run(self.run)
    ~~~~~~~~~~~~~~~~~^^^^^^^^^^
Traceback (most recent call last):
  File "/usr/lib/python3.14/threading.py", line 1024, in run
    self._target(*self._args, **self._kwargs)
    ~~~~~~~~~~~~^^^^^^^^^^^^^^^^^^^^^^^^^^^^^
  File "/usr/lib/python3.14/threading.py", line 1082, in _bootstrap_inner
    self._context.run(self.run)
    ~~~~~~~~~~~~~~~~~^^^^^^^^^^
  File "/home/cmayfield/code/games/aibeatszelda/src/zelda/search.py", line 479, in work
    s = emu.state()
  File "/usr/lib/python3.14/threading.py", line 1024, in run
    self._target(*self._args, **self._kwargs)
    ~~~~~~~~~~~~^^^^^^^^^^^^^^^^^^^^^^^^^^^^^
  File "/home/cmayfield/code/games/aibeatszelda/src/zelda/emulator.py", line 283, in state
    return State.parse(self.cmd("state"))
                       ~~~~~~~~^^^^^^^^^
  File "/home/cmayfield/code/games/aibeatszelda/src/zelda/search.py", line 479, in work
    s = emu.state()
  File "/home/cmayfield/code/games/aibeatszelda/src/zelda/emulator.py", line 240, in cmd
    resp = self._rf.readline()
  File "/home/cmayfield/code/games/aibeatszelda/src/zelda/emulator.py", line 283, in state
    return State.parse(self.cmd("state"))
                       ~~~~~~~~^^^^^^^^^
  File "/usr/lib/python3.14/socket.py", line 727, in readinto
    raise OSError("cannot read from timed out object")
  File "/home/cmayfield/code/games/aibeatszelda/src/zelda/emulator.py", line 240, in cmd
    resp = self._rf.readline()
OSError: cannot read from timed out object
  File "/usr/lib/python3.14/socket.py", line 727, in readinto
    raise OSError("cannot read from timed out object")
OSError: cannot read from timed out object
  attempt 4: success 259 frames, hearts 7.0
  attempt 5: success 254 frames, hearts 7.0
  attempt 10: success 253 frames, hearts 7.0
  (accept-after 8: took the 253-frame line after 16 attempts (8 without improvement) - flagged for a later pass)
  flagged rv_leg_30 for a later improvement pass (took the 253-frame line after 16 attempts (8 without improvement)); 53 flagged in flagged.json
[rv_leg_30] 253 frames, hearts 7.0 -> f53885 mode=05/00 L0 room=60 pos=(208,61) dir=4 hp=7.0/7 rup=48 sword=2 lag=9631 (total 53885 frames, 13074s wall)
Exception in thread Thread-214 (work):
Exception in thread Thread-213 (work):
Traceback (most recent call last):
Traceback (most recent call last):
  File "/usr/lib/python3.14/threading.py", line 1082, in _bootstrap_inner
    self._context.run(self.run)
    ~~~~~~~~~~~~~~~~~^^^^^^^^^^
  File "/usr/lib/python3.14/threading.py", line 1082, in _bootstrap_inner
    self._context.run(self.run)
    ~~~~~~~~~~~~~~~~~^^^^^^^^^^
  File "/usr/lib/python3.14/threading.py", line 1024, in run
    self._target(*self._args, **self._kwargs)
    ~~~~~~~~~~~~^^^^^^^^^^^^^^^^^^^^^^^^^^^^^
  File "/usr/lib/python3.14/threading.py", line 1024, in run
    self._target(*self._args, **self._kwargs)
    ~~~~~~~~~~~~^^^^^^^^^^^^^^^^^^^^^^^^^^^^^
  File "/home/cmayfield/code/games/aibeatszelda/src/zelda/search.py", line 479, in work
    s = emu.state()
  File "/home/cmayfield/code/games/aibeatszelda/src/zelda/search.py", line 479, in work
    s = emu.state()
  File "/home/cmayfield/code/games/aibeatszelda/src/zelda/emulator.py", line 283, in state
    return State.parse(self.cmd("state"))
                       ~~~~~~~~^^^^^^^^^
  File "/home/cmayfield/code/games/aibeatszelda/src/zelda/emulator.py", line 283, in state
    return State.parse(self.cmd("state"))
                       ~~~~~~~~^^^^^^^^^
  File "/home/cmayfield/code/games/aibeatszelda/src/zelda/emulator.py", line 240, in cmd
    resp = self._rf.readline()
  File "/home/cmayfield/code/games/aibeatszelda/src/zelda/emulator.py", line 240, in cmd
    resp = self._rf.readline()
  File "/usr/lib/python3.14/socket.py", line 727, in readinto
    raise OSError("cannot read from timed out object")
  File "/usr/lib/python3.14/socket.py", line 727, in readinto
    raise OSError("cannot read from timed out object")
OSError: cannot read from timed out object
OSError: cannot read from timed out object
  attempt 3: success 185 frames, hearts 7.0
  attempt 5: success 179 frames, hearts 7.0
  (accept-after 8: took the 179-frame line after 11 attempts (8 without improvement) - flagged for a later pass)
  flagged rv_leg_31 for a later improvement pass (took the 179-frame line after 11 attempts (8 without improvement)); 54 flagged in flagged.json
[rv_leg_31] 179 frames, hearts 7.0 -> f54064 mode=05/00 L0 room=61 pos=(0,125) dir=1 hp=7.0/7 rup=48 sword=2 lag=9702 (total 54064 frames, 13083s wall)
Exception in thread Thread-217 (work):
Traceback (most recent call last):
  File "/usr/lib/python3.14/threading.py", line 1082, in _bootstrap_inner
    self._context.run(self.run)
    ~~~~~~~~~~~~~~~~~^^^^^^^^^^
Exception in thread Thread-218 (work):
  File "/usr/lib/python3.14/threading.py", line 1024, in run
    self._target(*self._args, **self._kwargs)
    ~~~~~~~~~~~~^^^^^^^^^^^^^^^^^^^^^^^^^^^^^
  File "/home/cmayfield/code/games/aibeatszelda/src/zelda/search.py", line 479, in work
    s = emu.state()
Traceback (most recent call last):
  File "/home/cmayfield/code/games/aibeatszelda/src/zelda/emulator.py", line 283, in state
    return State.parse(self.cmd("state"))
                       ~~~~~~~~^^^^^^^^^
  File "/home/cmayfield/code/games/aibeatszelda/src/zelda/emulator.py", line 240, in cmd
    resp = self._rf.readline()
  File "/usr/lib/python3.14/socket.py", line 727, in readinto
    raise OSError("cannot read from timed out object")
  File "/usr/lib/python3.14/threading.py", line 1082, in _bootstrap_inner
    self._context.run(self.run)
    ~~~~~~~~~~~~~~~~~^^^^^^^^^^
OSError: cannot read from timed out object
  File "/usr/lib/python3.14/threading.py", line 1024, in run
    self._target(*self._args, **self._kwargs)
    ~~~~~~~~~~~~^^^^^^^^^^^^^^^^^^^^^^^^^^^^^
  File "/home/cmayfield/code/games/aibeatszelda/src/zelda/search.py", line 479, in work
    s = emu.state()
  File "/home/cmayfield/code/games/aibeatszelda/src/zelda/emulator.py", line 283, in state
    return State.parse(self.cmd("state"))
                       ~~~~~~~~^^^^^^^^^
  File "/home/cmayfield/code/games/aibeatszelda/src/zelda/emulator.py", line 240, in cmd
    resp = self._rf.readline()
  File "/usr/lib/python3.14/socket.py", line 727, in readinto
    raise OSError("cannot read from timed out object")
OSError: cannot read from timed out object
  attempt 4: success 329 frames, hearts 6.0
  attempt 5: success 323 frames, hearts 6.0
  attempt 10: success 321 frames, hearts 6.0
  (accept-after 8: took the 321-frame line after 16 attempts (8 without improvement) - flagged for a later pass)
  flagged rv_leg_32 for a later improvement pass (took the 321-frame line after 16 attempts (8 without improvement)); 55 flagged in flagged.json
[rv_leg_32] 321 frames, hearts 6.0 -> f54385 mode=05/00 L0 room=62 pos=(0,125) dir=1 hp=6.0/7 rup=48 sword=2 lag=9773 (total 54385 frames, 13106s wall)
Exception in thread Thread-221 (work):
Exception in thread Thread-222 (work):
Traceback (most recent call last):
Traceback (most recent call last):
  File "/usr/lib/python3.14/threading.py", line 1082, in _bootstrap_inner
    self._context.run(self.run)
    ~~~~~~~~~~~~~~~~~^^^^^^^^^^
  File "/usr/lib/python3.14/threading.py", line 1024, in run
    self._target(*self._args, **self._kwargs)
    ~~~~~~~~~~~~^^^^^^^^^^^^^^^^^^^^^^^^^^^^^
  File "/home/cmayfield/code/games/aibeatszelda/src/zelda/search.py", line 479, in work
    s = emu.state()
  File "/home/cmayfield/code/games/aibeatszelda/src/zelda/emulator.py", line 283, in state
    return State.parse(self.cmd("state"))
                       ~~~~~~~~^^^^^^^^^
  File "/home/cmayfield/code/games/aibeatszelda/src/zelda/emulator.py", line 240, in cmd
    resp = self._rf.readline()
  File "/usr/lib/python3.14/threading.py", line 1082, in _bootstrap_inner
    self._context.run(self.run)
    ~~~~~~~~~~~~~~~~~^^^^^^^^^^
  File "/usr/lib/python3.14/threading.py", line 1024, in run
    self._target(*self._args, **self._kwargs)
    ~~~~~~~~~~~~^^^^^^^^^^^^^^^^^^^^^^^^^^^^^
  File "/home/cmayfield/code/games/aibeatszelda/src/zelda/search.py", line 479, in work
    s = emu.state()
  File "/home/cmayfield/code/games/aibeatszelda/src/zelda/emulator.py", line 283, in state
    return State.parse(self.cmd("state"))
                       ~~~~~~~~^^^^^^^^^
  File "/usr/lib/python3.14/socket.py", line 727, in readinto
    raise OSError("cannot read from timed out object")
  File "/home/cmayfield/code/games/aibeatszelda/src/zelda/emulator.py", line 240, in cmd
    resp = self._rf.readline()
  File "/usr/lib/python3.14/socket.py", line 727, in readinto
    raise OSError("cannot read from timed out object")
OSError: cannot read from timed out object
OSError: cannot read from timed out object
  attempt 4: success 201 frames, hearts 6.0
  attempt 5: success 196 frames, hearts 6.0
  attempt 10: success 195 frames, hearts 6.0
  (accept-after 8: took the 195-frame line after 16 attempts (8 without improvement) - flagged for a later pass)
  flagged rv_leg_33 for a later improvement pass (took the 195-frame line after 16 attempts (8 without improvement)); 56 flagged in flagged.json
[rv_leg_33] 195 frames, hearts 6.0 -> f54580 mode=05/00 L0 room=52 pos=(80,221) dir=8 hp=6.0/7 rup=48 sword=2 lag=9825 (total 54580 frames, 13119s wall)
Exception in thread Thread-225 (work):
Exception in thread Thread-226 (work):
Traceback (most recent call last):
Traceback (most recent call last):
  File "/usr/lib/python3.14/threading.py", line 1082, in _bootstrap_inner
    self._context.run(self.run)
    ~~~~~~~~~~~~~~~~~^^^^^^^^^^
  File "/usr/lib/python3.14/threading.py", line 1082, in _bootstrap_inner
    self._context.run(self.run)
    ~~~~~~~~~~~~~~~~~^^^^^^^^^^
  File "/usr/lib/python3.14/threading.py", line 1024, in run
    self._target(*self._args, **self._kwargs)
    ~~~~~~~~~~~~^^^^^^^^^^^^^^^^^^^^^^^^^^^^^
  File "/home/cmayfield/code/games/aibeatszelda/src/zelda/search.py", line 479, in work
    s = emu.state()
  File "/home/cmayfield/code/games/aibeatszelda/src/zelda/emulator.py", line 283, in state
    return State.parse(self.cmd("state"))
                       ~~~~~~~~^^^^^^^^^
  File "/home/cmayfield/code/games/aibeatszelda/src/zelda/emulator.py", line 240, in cmd
    resp = self._rf.readline()
  File "/usr/lib/python3.14/socket.py", line 727, in readinto
    raise OSError("cannot read from timed out object")
OSError: cannot read from timed out object
  File "/usr/lib/python3.14/threading.py", line 1024, in run
    self._target(*self._args, **self._kwargs)
    ~~~~~~~~~~~~^^^^^^^^^^^^^^^^^^^^^^^^^^^^^
  File "/home/cmayfield/code/games/aibeatszelda/src/zelda/search.py", line 479, in work
    s = emu.state()
  File "/home/cmayfield/code/games/aibeatszelda/src/zelda/emulator.py", line 283, in state
    return State.parse(self.cmd("state"))
                       ~~~~~~~~^^^^^^^^^
  File "/home/cmayfield/code/games/aibeatszelda/src/zelda/emulator.py", line 240, in cmd
    resp = self._rf.readline()
  File "/usr/lib/python3.14/socket.py", line 727, in readinto
    raise OSError("cannot read from timed out object")
OSError: cannot read from timed out object
  attempt 4: success 283 frames, hearts 6.0
  attempt 5: success 278 frames, hearts 6.0
  attempt 10: success 277 frames, hearts 6.0
  (accept-after 8: took the 277-frame line after 16 attempts (8 without improvement) - flagged for a later pass)
  flagged rv_leg_34 for a later improvement pass (took the 277-frame line after 16 attempts (8 without improvement)); 57 flagged in flagged.json
[rv_leg_34] 277 frames, hearts 6.0 -> f54857 mode=05/00 L0 room=53 pos=(0,189) dir=1 hp=6.0/7 rup=48 sword=2 lag=9896 (total 54857 frames, 13138s wall)
Exception in thread Thread-230 (work):
Exception in thread Thread-229 (work):
Traceback (most recent call last):
Traceback (most recent call last):
  File "/usr/lib/python3.14/threading.py", line 1082, in _bootstrap_inner
    self._context.run(self.run)
    ~~~~~~~~~~~~~~~~~^^^^^^^^^^
  File "/usr/lib/python3.14/threading.py", line 1082, in _bootstrap_inner
    self._context.run(self.run)
    ~~~~~~~~~~~~~~~~~^^^^^^^^^^
  File "/usr/lib/python3.14/threading.py", line 1024, in run
    self._target(*self._args, **self._kwargs)
    ~~~~~~~~~~~~^^^^^^^^^^^^^^^^^^^^^^^^^^^^^
  File "/home/cmayfield/code/games/aibeatszelda/src/zelda/search.py", line 479, in work
    s = emu.state()
  File "/home/cmayfield/code/games/aibeatszelda/src/zelda/emulator.py", line 283, in state
    return State.parse(self.cmd("state"))
                       ~~~~~~~~^^^^^^^^^
  File "/home/cmayfield/code/games/aibeatszelda/src/zelda/emulator.py", line 240, in cmd
    resp = self._rf.readline()
  File "/usr/lib/python3.14/socket.py", line 727, in readinto
    raise OSError("cannot read from timed out object")
  File "/usr/lib/python3.14/threading.py", line 1024, in run
    self._target(*self._args, **self._kwargs)
    ~~~~~~~~~~~~^^^^^^^^^^^^^^^^^^^^^^^^^^^^^
OSError: cannot read from timed out object
  File "/home/cmayfield/code/games/aibeatszelda/src/zelda/search.py", line 479, in work
    s = emu.state()
  File "/home/cmayfield/code/games/aibeatszelda/src/zelda/emulator.py", line 283, in state
    return State.parse(self.cmd("state"))
                       ~~~~~~~~^^^^^^^^^
  File "/home/cmayfield/code/games/aibeatszelda/src/zelda/emulator.py", line 240, in cmd
    resp = self._rf.readline()
  File "/usr/lib/python3.14/socket.py", line 727, in readinto
    raise OSError("cannot read from timed out object")
OSError: cannot read from timed out object
  attempt 4: success 164 frames, hearts 6.0
  attempt 3: success 163 frames, hearts 6.0
  attempt 5: success 158 frames, hearts 6.0
  (accept-after 8: took the 158-frame line after 11 attempts (8 without improvement) - flagged for a later pass)
  flagged rv_leg_35 for a later improvement pass (took the 158-frame line after 11 attempts (8 without improvement)); 58 flagged in flagged.json
[rv_leg_35] 158 frames, hearts 6.0 -> f55015 mode=05/00 L0 room=63 pos=(64,61) dir=4 hp=6.0/7 rup=48 sword=2 lag=9946 (total 55015 frames, 13146s wall)
Exception in thread Thread-234 (work):
Exception in thread Thread-233 (work):
Traceback (most recent call last):
Traceback (most recent call last):
  File "/usr/lib/python3.14/threading.py", line 1082, in _bootstrap_inner
    self._context.run(self.run)
    ~~~~~~~~~~~~~~~~~^^^^^^^^^^
  File "/usr/lib/python3.14/threading.py", line 1082, in _bootstrap_inner
    self._context.run(self.run)
    ~~~~~~~~~~~~~~~~~^^^^^^^^^^
  File "/usr/lib/python3.14/threading.py", line 1024, in run
    self._target(*self._args, **self._kwargs)
    ~~~~~~~~~~~~^^^^^^^^^^^^^^^^^^^^^^^^^^^^^
  File "/usr/lib/python3.14/threading.py", line 1024, in run
    self._target(*self._args, **self._kwargs)
    ~~~~~~~~~~~~^^^^^^^^^^^^^^^^^^^^^^^^^^^^^
  File "/home/cmayfield/code/games/aibeatszelda/src/zelda/search.py", line 479, in work
    s = emu.state()
  File "/home/cmayfield/code/games/aibeatszelda/src/zelda/search.py", line 479, in work
    s = emu.state()
  File "/home/cmayfield/code/games/aibeatszelda/src/zelda/emulator.py", line 283, in state
    return State.parse(self.cmd("state"))
                       ~~~~~~~~^^^^^^^^^
  File "/home/cmayfield/code/games/aibeatszelda/src/zelda/emulator.py", line 283, in state
    return State.parse(self.cmd("state"))
                       ~~~~~~~~^^^^^^^^^
  File "/home/cmayfield/code/games/aibeatszelda/src/zelda/emulator.py", line 240, in cmd
    resp = self._rf.readline()
  File "/usr/lib/python3.14/socket.py", line 727, in readinto
    raise OSError("cannot read from timed out object")
OSError: cannot read from timed out object
  File "/home/cmayfield/code/games/aibeatszelda/src/zelda/emulator.py", line 240, in cmd
    resp = self._rf.readline()
  File "/usr/lib/python3.14/socket.py", line 727, in readinto
    raise OSError("cannot read from timed out object")
OSError: cannot read from timed out object
  attempt 4: success 395 frames, hearts 5.5
  attempt 5: success 324 frames, hearts 6.0
  attempt 10: success 320 frames, hearts 6.0
  (accept-after 8: took the 320-frame line after 16 attempts (8 without improvement) - flagged for a later pass)
  flagged rv_leg_36 for a later improvement pass (took the 320-frame line after 16 attempts (8 without improvement)); 59 flagged in flagged.json
[rv_leg_36] 320 frames, hearts 6.0 -> f55335 mode=05/00 L0 room=64 pos=(0,125) dir=1 hp=6.0/7 rup=48 sword=2 lag=10037 (total 55335 frames, 13172s wall)
Exception in thread Thread-237 (work):
Exception in thread Thread-238 (work):
Traceback (most recent call last):
Traceback (most recent call last):
  File "/usr/lib/python3.14/threading.py", line 1082, in _bootstrap_inner
    self._context.run(self.run)
    ~~~~~~~~~~~~~~~~~^^^^^^^^^^
  File "/usr/lib/python3.14/threading.py", line 1082, in _bootstrap_inner
    self._context.run(self.run)
    ~~~~~~~~~~~~~~~~~^^^^^^^^^^
  File "/usr/lib/python3.14/threading.py", line 1024, in run
    self._target(*self._args, **self._kwargs)
    ~~~~~~~~~~~~^^^^^^^^^^^^^^^^^^^^^^^^^^^^^
  File "/usr/lib/python3.14/threading.py", line 1024, in run
    self._target(*self._args, **self._kwargs)
    ~~~~~~~~~~~~^^^^^^^^^^^^^^^^^^^^^^^^^^^^^
  File "/home/cmayfield/code/games/aibeatszelda/src/zelda/search.py", line 479, in work
    s = emu.state()
  File "/home/cmayfield/code/games/aibeatszelda/src/zelda/search.py", line 479, in work
    s = emu.state()
  File "/home/cmayfield/code/games/aibeatszelda/src/zelda/emulator.py", line 283, in state
    return State.parse(self.cmd("state"))
                       ~~~~~~~~^^^^^^^^^
  File "/home/cmayfield/code/games/aibeatszelda/src/zelda/emulator.py", line 283, in state
    return State.parse(self.cmd("state"))
                       ~~~~~~~~^^^^^^^^^
  File "/home/cmayfield/code/games/aibeatszelda/src/zelda/emulator.py", line 240, in cmd
    resp = self._rf.readline()
  File "/home/cmayfield/code/games/aibeatszelda/src/zelda/emulator.py", line 240, in cmd
    resp = self._rf.readline()
  File "/usr/lib/python3.14/socket.py", line 727, in readinto
    raise OSError("cannot read from timed out object")
  File "/usr/lib/python3.14/socket.py", line 727, in readinto
    raise OSError("cannot read from timed out object")
OSError: cannot read from timed out object
OSError: cannot read from timed out object
  attempt 3: success 315 frames, hearts 5.5
  attempt 5: success 357 frames, hearts 6.0
  (accept-after 8: took the 357-frame line after 12 attempts (8 without improvement) - flagged for a later pass)
  flagged rv_leg_37 for a later improvement pass (took the 357-frame line after 12 attempts (8 without improvement)); 60 flagged in flagged.json
[rv_leg_37] 357 frames, hearts 6.0 -> f55692 mode=05/00 L0 room=65 pos=(0,141) dir=1 hp=6.0/7 rup=48 sword=2 lag=10108 (total 55692 frames, 13191s wall)
Exception in thread Thread-242 (work):
Exception in thread Thread-241 (work):
Traceback (most recent call last):
Traceback (most recent call last):
  File "/usr/lib/python3.14/threading.py", line 1082, in _bootstrap_inner
    self._context.run(self.run)
    ~~~~~~~~~~~~~~~~~^^^^^^^^^^
  File "/usr/lib/python3.14/threading.py", line 1082, in _bootstrap_inner
    self._context.run(self.run)
    ~~~~~~~~~~~~~~~~~^^^^^^^^^^
  File "/usr/lib/python3.14/threading.py", line 1024, in run
    self._target(*self._args, **self._kwargs)
    ~~~~~~~~~~~~^^^^^^^^^^^^^^^^^^^^^^^^^^^^^
  File "/usr/lib/python3.14/threading.py", line 1024, in run
    self._target(*self._args, **self._kwargs)
    ~~~~~~~~~~~~^^^^^^^^^^^^^^^^^^^^^^^^^^^^^
  File "/home/cmayfield/code/games/aibeatszelda/src/zelda/search.py", line 479, in work
    s = emu.state()
  File "/home/cmayfield/code/games/aibeatszelda/src/zelda/search.py", line 479, in work
    s = emu.state()
  File "/home/cmayfield/code/games/aibeatszelda/src/zelda/emulator.py", line 283, in state
    return State.parse(self.cmd("state"))
                       ~~~~~~~~^^^^^^^^^
  File "/home/cmayfield/code/games/aibeatszelda/src/zelda/emulator.py", line 283, in state
    return State.parse(self.cmd("state"))
                       ~~~~~~~~^^^^^^^^^
  File "/home/cmayfield/code/games/aibeatszelda/src/zelda/emulator.py", line 240, in cmd
    resp = self._rf.readline()
  File "/home/cmayfield/code/games/aibeatszelda/src/zelda/emulator.py", line 240, in cmd
    resp = self._rf.readline()
  File "/usr/lib/python3.14/socket.py", line 727, in readinto
    raise OSError("cannot read from timed out object")
  File "/usr/lib/python3.14/socket.py", line 727, in readinto
    raise OSError("cannot read from timed out object")
OSError: cannot read from timed out object
OSError: cannot read from timed out object
  attempt 4: success 238 frames, hearts 6.0
  attempt 5: success 233 frames, hearts 6.0
  attempt 10: success 232 frames, hearts 6.0
  (accept-after 8: took the 232-frame line after 16 attempts (8 without improvement) - flagged for a later pass)
  attempt 19: error: ValueError: invalid literal for int() with ba (5 frames)
  flagged rv_leg_38 for a later improvement pass (took the 232-frame line after 16 attempts (8 without improvement)); 61 flagged in flagged.json
[rv_leg_38] 232 frames, hearts 6.0 -> f55924 mode=05/00 L0 room=55 pos=(112,221) dir=8 hp=6.0/7 rup=48 sword=2 lag=10161 (total 55924 frames, 13206s wall)
Exception in thread Thread-245 (work):
Exception in thread Thread-246 (work):
Traceback (most recent call last):
Traceback (most recent call last):
  File "/usr/lib/python3.14/threading.py", line 1082, in _bootstrap_inner
    self._context.run(self.run)
    ~~~~~~~~~~~~~~~~~^^^^^^^^^^
  File "/usr/lib/python3.14/threading.py", line 1082, in _bootstrap_inner
    self._context.run(self.run)
    ~~~~~~~~~~~~~~~~~^^^^^^^^^^
  File "/usr/lib/python3.14/threading.py", line 1024, in run
    self._target(*self._args, **self._kwargs)
    ~~~~~~~~~~~~^^^^^^^^^^^^^^^^^^^^^^^^^^^^^
  File "/home/cmayfield/code/games/aibeatszelda/src/zelda/search.py", line 479, in work
    s = emu.state()
  File "/usr/lib/python3.14/threading.py", line 1024, in run
    self._target(*self._args, **self._kwargs)
    ~~~~~~~~~~~~^^^^^^^^^^^^^^^^^^^^^^^^^^^^^
  File "/home/cmayfield/code/games/aibeatszelda/src/zelda/search.py", line 479, in work
    s = emu.state()
  File "/home/cmayfield/code/games/aibeatszelda/src/zelda/emulator.py", line 283, in state
    return State.parse(self.cmd("state"))
                       ~~~~~~~~^^^^^^^^^
  File "/home/cmayfield/code/games/aibeatszelda/src/zelda/emulator.py", line 240, in cmd
    resp = self._rf.readline()
  File "/home/cmayfield/code/games/aibeatszelda/src/zelda/emulator.py", line 283, in state
    return State.parse(self.cmd("state"))
                       ~~~~~~~~^^^^^^^^^
  File "/home/cmayfield/code/games/aibeatszelda/src/zelda/emulator.py", line 240, in cmd
    resp = self._rf.readline()
  File "/usr/lib/python3.14/socket.py", line 727, in readinto
    raise OSError("cannot read from timed out object")
  File "/usr/lib/python3.14/socket.py", line 727, in readinto
    raise OSError("cannot read from timed out object")
OSError: cannot read from timed out object
OSError: cannot read from timed out object
  attempt 3: success 265 frames, hearts 6.0
  attempt 5: success 260 frames, hearts 6.0
  attempt 10: success 259 frames, hearts 6.0
  (accept-after 8: took the 259-frame line after 15 attempts (8 without improvement) - flagged for a later pass)
  flagged rv_leg_39 for a later improvement pass (took the 259-frame line after 15 attempts (8 without improvement)); 62 flagged in flagged.json
[rv_leg_39] 259 frames, hearts 6.0 -> f56183 mode=05/00 L0 room=56 pos=(0,141) dir=1 hp=6.0/7 rup=48 sword=2 lag=10232 (total 56183 frames, 13223s wall)
Exception in thread Thread-249 (work):
Exception in thread Thread-250 (work):
Traceback (most recent call last):
Traceback (most recent call last):
  File "/usr/lib/python3.14/threading.py", line 1082, in _bootstrap_inner
    self._context.run(self.run)
    ~~~~~~~~~~~~~~~~~^^^^^^^^^^
  File "/usr/lib/python3.14/threading.py", line 1082, in _bootstrap_inner
    self._context.run(self.run)
    ~~~~~~~~~~~~~~~~~^^^^^^^^^^
  File "/usr/lib/python3.14/threading.py", line 1024, in run
    self._target(*self._args, **self._kwargs)
    ~~~~~~~~~~~~^^^^^^^^^^^^^^^^^^^^^^^^^^^^^
  File "/usr/lib/python3.14/threading.py", line 1024, in run
    self._target(*self._args, **self._kwargs)
    ~~~~~~~~~~~~^^^^^^^^^^^^^^^^^^^^^^^^^^^^^
  File "/home/cmayfield/code/games/aibeatszelda/src/zelda/search.py", line 479, in work
    s = emu.state()
  File "/home/cmayfield/code/games/aibeatszelda/src/zelda/search.py", line 479, in work
    s = emu.state()
  File "/home/cmayfield/code/games/aibeatszelda/src/zelda/emulator.py", line 283, in state
    return State.parse(self.cmd("state"))
                       ~~~~~~~~^^^^^^^^^
  File "/home/cmayfield/code/games/aibeatszelda/src/zelda/emulator.py", line 283, in state
    return State.parse(self.cmd("state"))
                       ~~~~~~~~^^^^^^^^^
  File "/home/cmayfield/code/games/aibeatszelda/src/zelda/emulator.py", line 240, in cmd
    resp = self._rf.readline()
  File "/home/cmayfield/code/games/aibeatszelda/src/zelda/emulator.py", line 240, in cmd
    resp = self._rf.readline()
  File "/usr/lib/python3.14/socket.py", line 727, in readinto
    raise OSError("cannot read from timed out object")
  File "/usr/lib/python3.14/socket.py", line 727, in readinto
    raise OSError("cannot read from timed out object")
OSError: cannot read from timed out object
OSError: cannot read from timed out object
  attempt 4: success 237 frames, hearts 6.0
  attempt 5: success 232 frames, hearts 6.0
  attempt 10: success 231 frames, hearts 6.0
  (accept-after 8: took the 231-frame line after 16 attempts (8 without improvement) - flagged for a later pass)
  flagged rv_leg_40 for a later improvement pass (took the 231-frame line after 16 attempts (8 without improvement)); 63 flagged in flagged.json
[rv_leg_40] 231 frames, hearts 6.0 -> f56414 mode=05/00 L0 room=46 pos=(112,221) dir=8 hp=6.0/7 rup=48 sword=2 lag=10284 (total 56414 frames, 13240s wall)
Exception in thread Thread-253 (work):
Traceback (most recent call last):
  File "/usr/lib/python3.14/threading.py", line 1082, in _bootstrap_inner
    self._context.run(self.run)
    ~~~~~~~~~~~~~~~~~^^^^^^^^^^
Exception in thread Thread-254 (work):
  File "/usr/lib/python3.14/threading.py", line 1024, in run
    self._target(*self._args, **self._kwargs)
    ~~~~~~~~~~~~^^^^^^^^^^^^^^^^^^^^^^^^^^^^^
  File "/home/cmayfield/code/games/aibeatszelda/src/zelda/search.py", line 479, in work
    s = emu.state()
  File "/home/cmayfield/code/games/aibeatszelda/src/zelda/emulator.py", line 283, in state
    return State.parse(self.cmd("state"))
                       ~~~~~~~~^^^^^^^^^
  File "/home/cmayfield/code/games/aibeatszelda/src/zelda/emulator.py", line 240, in cmd
    resp = self._rf.readline()
  File "/usr/lib/python3.14/socket.py", line 727, in readinto
    raise OSError("cannot read from timed out object")
OSError: cannot read from timed out object
Traceback (most recent call last):
  File "/usr/lib/python3.14/threading.py", line 1082, in _bootstrap_inner
    self._context.run(self.run)
    ~~~~~~~~~~~~~~~~~^^^^^^^^^^
  File "/usr/lib/python3.14/threading.py", line 1024, in run
    self._target(*self._args, **self._kwargs)
    ~~~~~~~~~~~~^^^^^^^^^^^^^^^^^^^^^^^^^^^^^
  File "/home/cmayfield/code/games/aibeatszelda/src/zelda/search.py", line 479, in work
    s = emu.state()
  File "/home/cmayfield/code/games/aibeatszelda/src/zelda/emulator.py", line 283, in state
    return State.parse(self.cmd("state"))
                       ~~~~~~~~^^^^^^^^^
  File "/home/cmayfield/code/games/aibeatszelda/src/zelda/emulator.py", line 240, in cmd
    resp = self._rf.readline()
  File "/usr/lib/python3.14/socket.py", line 727, in readinto
    raise OSError("cannot read from timed out object")
OSError: cannot read from timed out object
  attempt 4: success 267 frames, hearts 6.0
  attempt 5: success 262 frames, hearts 6.0
  attempt 10: success 261 frames, hearts 6.0
  (accept-after 8: took the 261-frame line after 16 attempts (8 without improvement) - flagged for a later pass)
  flagged rv_leg_41 for a later improvement pass (took the 261-frame line after 16 attempts (8 without improvement)); 64 flagged in flagged.json
[rv_leg_41] 261 frames, hearts 6.0 -> f56675 mode=05/00 L0 room=47 pos=(0,141) dir=1 hp=6.0/7 rup=48 sword=2 lag=10355 (total 56675 frames, 13258s wall)
Exception in thread Thread-257 (work):
Exception in thread Thread-258 (work):
Traceback (most recent call last):
Traceback (most recent call last):
  File "/usr/lib/python3.14/threading.py", line 1082, in _bootstrap_inner
    self._context.run(self.run)
    ~~~~~~~~~~~~~~~~~^^^^^^^^^^
  File "/usr/lib/python3.14/threading.py", line 1024, in run
    self._target(*self._args, **self._kwargs)
    ~~~~~~~~~~~~^^^^^^^^^^^^^^^^^^^^^^^^^^^^^
  File "/home/cmayfield/code/games/aibeatszelda/src/zelda/search.py", line 479, in work
    s = emu.state()
  File "/home/cmayfield/code/games/aibeatszelda/src/zelda/emulator.py", line 283, in state
    return State.parse(self.cmd("state"))
                       ~~~~~~~~^^^^^^^^^
  File "/home/cmayfield/code/games/aibeatszelda/src/zelda/emulator.py", line 240, in cmd
    resp = self._rf.readline()
  File "/usr/lib/python3.14/socket.py", line 727, in readinto
    raise OSError("cannot read from timed out object")
  File "/usr/lib/python3.14/threading.py", line 1082, in _bootstrap_inner
    self._context.run(self.run)
    ~~~~~~~~~~~~~~~~~^^^^^^^^^^
OSError: cannot read from timed out object
  File "/usr/lib/python3.14/threading.py", line 1024, in run
    self._target(*self._args, **self._kwargs)
    ~~~~~~~~~~~~^^^^^^^^^^^^^^^^^^^^^^^^^^^^^
  File "/home/cmayfield/code/games/aibeatszelda/src/zelda/search.py", line 479, in work
    s = emu.state()
  File "/home/cmayfield/code/games/aibeatszelda/src/zelda/emulator.py", line 283, in state
    return State.parse(self.cmd("state"))
                       ~~~~~~~~^^^^^^^^^
  File "/home/cmayfield/code/games/aibeatszelda/src/zelda/emulator.py", line 240, in cmd
    resp = self._rf.readline()
  File "/usr/lib/python3.14/socket.py", line 727, in readinto
    raise OSError("cannot read from timed out object")
OSError: cannot read from timed out object
  attempt 4: success 293 frames, hearts 6.0
  attempt 5: success 289 frames, hearts 6.0
  attempt 10: success 287 frames, hearts 6.0
  (accept-after 8: took the 287-frame line after 16 attempts (8 without improvement) - flagged for a later pass)
  flagged rv_leg_42 for a later improvement pass (took the 287-frame line after 16 attempts (8 without improvement)); 65 flagged in flagged.json
[rv_leg_42] 287 frames, hearts 6.0 -> f56962 mode=05/00 L0 room=48 pos=(0,141) dir=1 hp=6.0/7 rup=48 sword=2 lag=10426 (total 56962 frames, 13278s wall)
Exception in thread Thread-261 (work):
Traceback (most recent call last):
Exception in thread Thread-262 (work):
  File "/usr/lib/python3.14/threading.py", line 1082, in _bootstrap_inner
    self._context.run(self.run)
    ~~~~~~~~~~~~~~~~~^^^^^^^^^^
  File "/usr/lib/python3.14/threading.py", line 1024, in run
    self._target(*self._args, **self._kwargs)
    ~~~~~~~~~~~~^^^^^^^^^^^^^^^^^^^^^^^^^^^^^
Traceback (most recent call last):
  File "/home/cmayfield/code/games/aibeatszelda/src/zelda/search.py", line 479, in work
    s = emu.state()
  File "/usr/lib/python3.14/threading.py", line 1082, in _bootstrap_inner
    self._context.run(self.run)
    ~~~~~~~~~~~~~~~~~^^^^^^^^^^
  File "/home/cmayfield/code/games/aibeatszelda/src/zelda/emulator.py", line 283, in state
    return State.parse(self.cmd("state"))
                       ~~~~~~~~^^^^^^^^^
  File "/home/cmayfield/code/games/aibeatszelda/src/zelda/emulator.py", line 240, in cmd
    resp = self._rf.readline()
  File "/usr/lib/python3.14/socket.py", line 727, in readinto
    raise OSError("cannot read from timed out object")
OSError: cannot read from timed out object
  File "/usr/lib/python3.14/threading.py", line 1024, in run
    self._target(*self._args, **self._kwargs)
    ~~~~~~~~~~~~^^^^^^^^^^^^^^^^^^^^^^^^^^^^^
  File "/home/cmayfield/code/games/aibeatszelda/src/zelda/search.py", line 479, in work
    s = emu.state()
  File "/home/cmayfield/code/games/aibeatszelda/src/zelda/emulator.py", line 283, in state
    return State.parse(self.cmd("state"))
                       ~~~~~~~~^^^^^^^^^
  File "/home/cmayfield/code/games/aibeatszelda/src/zelda/emulator.py", line 240, in cmd
    resp = self._rf.readline()
  File "/usr/lib/python3.14/socket.py", line 727, in readinto
    raise OSError("cannot read from timed out object")
OSError: cannot read from timed out object
  attempt 4: success 223 frames, hearts 5.5
  attempt 5: success 232 frames, hearts 6.0
  attempt 10: success 231 frames, hearts 6.0
  (accept-after 8: took the 231-frame line after 16 attempts (8 without improvement) - flagged for a later pass)
  flagged rv_leg_43 for a later improvement pass (took the 231-frame line after 16 attempts (8 without improvement)); 66 flagged in flagged.json
[rv_leg_43] 231 frames, hearts 6.0 -> f57193 mode=05/00 L0 room=38 pos=(112,221) dir=8 hp=6.0/7 rup=48 sword=2 lag=10478 (total 57193 frames, 13293s wall)
Exception in thread Thread-266 (work):
Exception in thread Thread-265 (work):
Traceback (most recent call last):
Traceback (most recent call last):
  File "/usr/lib/python3.14/threading.py", line 1082, in _bootstrap_inner
    self._context.run(self.run)
    ~~~~~~~~~~~~~~~~~^^^^^^^^^^
  File "/usr/lib/python3.14/threading.py", line 1082, in _bootstrap_inner
    self._context.run(self.run)
    ~~~~~~~~~~~~~~~~~^^^^^^^^^^
  File "/usr/lib/python3.14/threading.py", line 1024, in run
    self._target(*self._args, **self._kwargs)
    ~~~~~~~~~~~~^^^^^^^^^^^^^^^^^^^^^^^^^^^^^
  File "/usr/lib/python3.14/threading.py", line 1024, in run
    self._target(*self._args, **self._kwargs)
    ~~~~~~~~~~~~^^^^^^^^^^^^^^^^^^^^^^^^^^^^^
  File "/home/cmayfield/code/games/aibeatszelda/src/zelda/search.py", line 479, in work
    s = emu.state()
  File "/home/cmayfield/code/games/aibeatszelda/src/zelda/emulator.py", line 283, in state
    return State.parse(self.cmd("state"))
                       ~~~~~~~~^^^^^^^^^
  File "/home/cmayfield/code/games/aibeatszelda/src/zelda/emulator.py", line 240, in cmd
    resp = self._rf.readline()
  File "/usr/lib/python3.14/socket.py", line 727, in readinto
    raise OSError("cannot read from timed out object")
OSError: cannot read from timed out object
  File "/home/cmayfield/code/games/aibeatszelda/src/zelda/search.py", line 479, in work
    s = emu.state()
  File "/home/cmayfield/code/games/aibeatszelda/src/zelda/emulator.py", line 283, in state
    return State.parse(self.cmd("state"))
                       ~~~~~~~~^^^^^^^^^
  File "/home/cmayfield/code/games/aibeatszelda/src/zelda/emulator.py", line 240, in cmd
    resp = self._rf.readline()
  File "/usr/lib/python3.14/socket.py", line 727, in readinto
    raise OSError("cannot read from timed out object")
OSError: cannot read from timed out object
  attempt 4: success 213 frames, hearts 6.0
  attempt 5: success 208 frames, hearts 6.0
  attempt 10: success 207 frames, hearts 6.0
  (accept-after 8: took the 207-frame line after 16 attempts (8 without improvement) - flagged for a later pass)
  flagged rv_leg_44 for a later improvement pass (took the 207-frame line after 16 attempts (8 without improvement)); 67 flagged in flagged.json
[rv_leg_44] 207 frames, hearts 6.0 -> f57400 mode=05/00 L0 room=28 pos=(112,221) dir=8 hp=6.0/7 rup=48 sword=2 lag=10530 (total 57400 frames, 13308s wall)
Exception in thread Thread-269 (work):
Traceback (most recent call last):
Exception in thread Thread-270 (work):
Traceback (most recent call last):
  File "/usr/lib/python3.14/threading.py", line 1082, in _bootstrap_inner
    self._context.run(self.run)
    ~~~~~~~~~~~~~~~~~^^^^^^^^^^
  File "/usr/lib/python3.14/threading.py", line 1082, in _bootstrap_inner
    self._context.run(self.run)
    ~~~~~~~~~~~~~~~~~^^^^^^^^^^
  File "/usr/lib/python3.14/threading.py", line 1024, in run
    self._target(*self._args, **self._kwargs)
    ~~~~~~~~~~~~^^^^^^^^^^^^^^^^^^^^^^^^^^^^^
  File "/home/cmayfield/code/games/aibeatszelda/src/zelda/search.py", line 479, in work
    s = emu.state()
  File "/home/cmayfield/code/games/aibeatszelda/src/zelda/emulator.py", line 283, in state
    return State.parse(self.cmd("state"))
                       ~~~~~~~~^^^^^^^^^
  File "/home/cmayfield/code/games/aibeatszelda/src/zelda/emulator.py", line 240, in cmd
    resp = self._rf.readline()
  File "/usr/lib/python3.14/socket.py", line 727, in readinto
    raise OSError("cannot read from timed out object")
OSError: cannot read from timed out object
  File "/usr/lib/python3.14/threading.py", line 1024, in run
    self._target(*self._args, **self._kwargs)
    ~~~~~~~~~~~~^^^^^^^^^^^^^^^^^^^^^^^^^^^^^
  File "/home/cmayfield/code/games/aibeatszelda/src/zelda/search.py", line 479, in work
    s = emu.state()
  File "/home/cmayfield/code/games/aibeatszelda/src/zelda/emulator.py", line 283, in state
    return State.parse(self.cmd("state"))
                       ~~~~~~~~^^^^^^^^^
  File "/home/cmayfield/code/games/aibeatszelda/src/zelda/emulator.py", line 240, in cmd
    resp = self._rf.readline()
  File "/usr/lib/python3.14/socket.py", line 727, in readinto
    raise OSError("cannot read from timed out object")
OSError: cannot read from timed out object
  attempt 4: success 256 frames, hearts 6.0
  attempt 5: success 251 frames, hearts 6.0
  attempt 10: success 250 frames, hearts 6.0
  (accept-after 8: took the 250-frame line after 16 attempts (8 without improvement) - flagged for a later pass)
  flagged rv_leg_45 for a later improvement pass (took the 250-frame line after 16 attempts (8 without improvement)); 68 flagged in flagged.json
[rv_leg_45] 250 frames, hearts 6.0 -> f57650 mode=05/00 L0 room=27 pos=(240,141) dir=2 hp=6.0/7 rup=48 sword=2 lag=10601 (total 57650 frames, 13326s wall)
Exception in thread Thread-273 (work):
Traceback (most recent call last):
Exception in thread Thread-274 (work):
  File "/usr/lib/python3.14/threading.py", line 1082, in _bootstrap_inner
    self._context.run(self.run)
    ~~~~~~~~~~~~~~~~~^^^^^^^^^^
  File "/usr/lib/python3.14/threading.py", line 1024, in run
    self._target(*self._args, **self._kwargs)
    ~~~~~~~~~~~~^^^^^^^^^^^^^^^^^^^^^^^^^^^^^
  File "/home/cmayfield/code/games/aibeatszelda/src/zelda/search.py", line 479, in work
    s = emu.state()
  File "/home/cmayfield/code/games/aibeatszelda/src/zelda/emulator.py", line 283, in state
    return State.parse(self.cmd("state"))
                       ~~~~~~~~^^^^^^^^^
  File "/home/cmayfield/code/games/aibeatszelda/src/zelda/emulator.py", line 240, in cmd
    resp = self._rf.readline()
  File "/usr/lib/python3.14/socket.py", line 727, in readinto
    raise OSError("cannot read from timed out object")
OSError: cannot read from timed out object
Traceback (most recent call last):
  File "/usr/lib/python3.14/threading.py", line 1082, in _bootstrap_inner
    self._context.run(self.run)
    ~~~~~~~~~~~~~~~~~^^^^^^^^^^
  File "/usr/lib/python3.14/threading.py", line 1024, in run
    self._target(*self._args, **self._kwargs)
    ~~~~~~~~~~~~^^^^^^^^^^^^^^^^^^^^^^^^^^^^^
  File "/home/cmayfield/code/games/aibeatszelda/src/zelda/search.py", line 479, in work
    s = emu.state()
  File "/home/cmayfield/code/games/aibeatszelda/src/zelda/emulator.py", line 283, in state
    return State.parse(self.cmd("state"))
                       ~~~~~~~~^^^^^^^^^
  File "/home/cmayfield/code/games/aibeatszelda/src/zelda/emulator.py", line 240, in cmd
    resp = self._rf.readline()
  File "/usr/lib/python3.14/socket.py", line 727, in readinto
    raise OSError("cannot read from timed out object")
OSError: cannot read from timed out object
  attempt 3: success 268 frames, hearts 6.0
  attempt 5: success 231 frames, hearts 6.0
  attempt 10: success 230 frames, hearts 6.0
  (accept-after 8: took the 230-frame line after 16 attempts (8 without improvement) - flagged for a later pass)
  flagged rv_leg_46 for a later improvement pass (took the 230-frame line after 16 attempts (8 without improvement)); 69 flagged in flagged.json
[rv_leg_46] 230 frames, hearts 6.0 -> f57880 mode=05/00 L0 room=17 pos=(160,221) dir=8 hp=6.0/7 rup=48 sword=2 lag=10653 (total 57880 frames, 13344s wall)
Exception in thread Thread-278 (work):
Traceback (most recent call last):
Exception in thread Thread-277 (work):
  File "/usr/lib/python3.14/threading.py", line 1082, in _bootstrap_inner
    self._context.run(self.run)
    ~~~~~~~~~~~~~~~~~^^^^^^^^^^
  File "/usr/lib/python3.14/threading.py", line 1024, in run
    self._target(*self._args, **self._kwargs)
    ~~~~~~~~~~~~^^^^^^^^^^^^^^^^^^^^^^^^^^^^^
  File "/home/cmayfield/code/games/aibeatszelda/src/zelda/search.py", line 479, in work
    s = emu.state()
  File "/home/cmayfield/code/games/aibeatszelda/src/zelda/emulator.py", line 283, in state
    return State.parse(self.cmd("state"))
                       ~~~~~~~~^^^^^^^^^
  File "/home/cmayfield/code/games/aibeatszelda/src/zelda/emulator.py", line 240, in cmd
    resp = self._rf.readline()
  File "/usr/lib/python3.14/socket.py", line 727, in readinto
    raise OSError("cannot read from timed out object")
OSError: cannot read from timed out object
Traceback (most recent call last):
  File "/usr/lib/python3.14/threading.py", line 1082, in _bootstrap_inner
    self._context.run(self.run)
    ~~~~~~~~~~~~~~~~~^^^^^^^^^^
  File "/usr/lib/python3.14/threading.py", line 1024, in run
    self._target(*self._args, **self._kwargs)
    ~~~~~~~~~~~~^^^^^^^^^^^^^^^^^^^^^^^^^^^^^
  File "/home/cmayfield/code/games/aibeatszelda/src/zelda/search.py", line 479, in work
    s = emu.state()
  File "/home/cmayfield/code/games/aibeatszelda/src/zelda/emulator.py", line 283, in state
    return State.parse(self.cmd("state"))
                       ~~~~~~~~^^^^^^^^^
  File "/home/cmayfield/code/games/aibeatszelda/src/zelda/emulator.py", line 240, in cmd
    resp = self._rf.readline()
  File "/usr/lib/python3.14/socket.py", line 727, in readinto
    raise OSError("cannot read from timed out object")
OSError: cannot read from timed out object
  attempt 4: success 229 frames, hearts 6.0
  attempt 5: success 224 frames, hearts 6.0
  attempt 10: success 223 frames, hearts 6.0
  (accept-after 8: took the 223-frame line after 16 attempts (8 without improvement) - flagged for a later pass)
  flagged rv_leg_47 for a later improvement pass (took the 223-frame line after 16 attempts (8 without improvement)); 70 flagged in flagged.json
[rv_leg_47] 223 frames, hearts 6.0 -> f58103 mode=05/00 L0 room=18 pos=(0,141) dir=1 hp=6.0/7 rup=48 sword=2 lag=10724 (total 58103 frames, 13360s wall)
Exception in thread Thread-281 (work):
Exception in thread Thread-282 (work):
Traceback (most recent call last):
Traceback (most recent call last):
  File "/usr/lib/python3.14/threading.py", line 1082, in _bootstrap_inner
    self._context.run(self.run)
    ~~~~~~~~~~~~~~~~~^^^^^^^^^^
  File "/usr/lib/python3.14/threading.py", line 1082, in _bootstrap_inner
    self._context.run(self.run)
    ~~~~~~~~~~~~~~~~~^^^^^^^^^^
  File "/usr/lib/python3.14/threading.py", line 1024, in run
    self._target(*self._args, **self._kwargs)
    ~~~~~~~~~~~~^^^^^^^^^^^^^^^^^^^^^^^^^^^^^
  File "/usr/lib/python3.14/threading.py", line 1024, in run
    self._target(*self._args, **self._kwargs)
    ~~~~~~~~~~~~^^^^^^^^^^^^^^^^^^^^^^^^^^^^^
  File "/home/cmayfield/code/games/aibeatszelda/src/zelda/search.py", line 479, in work
    s = emu.state()
  File "/home/cmayfield/code/games/aibeatszelda/src/zelda/search.py", line 479, in work
    s = emu.state()
  File "/home/cmayfield/code/games/aibeatszelda/src/zelda/emulator.py", line 283, in state
    return State.parse(self.cmd("state"))
                       ~~~~~~~~^^^^^^^^^
  File "/home/cmayfield/code/games/aibeatszelda/src/zelda/emulator.py", line 240, in cmd
    resp = self._rf.readline()
  File "/home/cmayfield/code/games/aibeatszelda/src/zelda/emulator.py", line 283, in state
    return State.parse(self.cmd("state"))
                       ~~~~~~~~^^^^^^^^^
  File "/home/cmayfield/code/games/aibeatszelda/src/zelda/emulator.py", line 240, in cmd
    resp = self._rf.readline()
  File "/usr/lib/python3.14/socket.py", line 727, in readinto
    raise OSError("cannot read from timed out object")
  File "/usr/lib/python3.14/socket.py", line 727, in readinto
    raise OSError("cannot read from timed out object")
OSError: cannot read from timed out object
OSError: cannot read from timed out object
  attempt 3: success 325 frames, hearts 5.5
  attempt 5: success 309 frames, hearts 5.5
  attempt 10: success 273 frames, hearts 5.5
  (accept-after 8: took the 273-frame line after 16 attempts (8 without improvement) - flagged for a later pass)
  flagged rv_leg_48 for a later improvement pass (took the 273-frame line after 16 attempts (8 without improvement)); 71 flagged in flagged.json
[rv_leg_48] 273 frames, hearts 5.5 -> f58376 mode=05/00 L0 room=19 pos=(0,141) dir=1 hp=5.5/7 rup=48 sword=2 lag=10795 (total 58376 frames, 13384s wall)
Exception in thread Thread-285 (work):
Exception in thread Thread-286 (work):
Traceback (most recent call last):
  File "/usr/lib/python3.14/threading.py", line 1082, in _bootstrap_inner
    self._context.run(self.run)
    ~~~~~~~~~~~~~~~~~^^^^^^^^^^
Traceback (most recent call last):
  File "/usr/lib/python3.14/threading.py", line 1024, in run
    self._target(*self._args, **self._kwargs)
    ~~~~~~~~~~~~^^^^^^^^^^^^^^^^^^^^^^^^^^^^^
  File "/usr/lib/python3.14/threading.py", line 1082, in _bootstrap_inner
    self._context.run(self.run)
    ~~~~~~~~~~~~~~~~~^^^^^^^^^^
  File "/home/cmayfield/code/games/aibeatszelda/src/zelda/search.py", line 479, in work
    s = emu.state()
  File "/usr/lib/python3.14/threading.py", line 1024, in run
    self._target(*self._args, **self._kwargs)
    ~~~~~~~~~~~~^^^^^^^^^^^^^^^^^^^^^^^^^^^^^
  File "/home/cmayfield/code/games/aibeatszelda/src/zelda/emulator.py", line 283, in state
    return State.parse(self.cmd("state"))
                       ~~~~~~~~^^^^^^^^^
  File "/home/cmayfield/code/games/aibeatszelda/src/zelda/search.py", line 479, in work
    s = emu.state()
  File "/home/cmayfield/code/games/aibeatszelda/src/zelda/emulator.py", line 240, in cmd
    resp = self._rf.readline()
  File "/home/cmayfield/code/games/aibeatszelda/src/zelda/emulator.py", line 283, in state
    return State.parse(self.cmd("state"))
                       ~~~~~~~~^^^^^^^^^
  File "/usr/lib/python3.14/socket.py", line 727, in readinto
    raise OSError("cannot read from timed out object")
  File "/home/cmayfield/code/games/aibeatszelda/src/zelda/emulator.py", line 240, in cmd
    resp = self._rf.readline()
OSError: cannot read from timed out object
  File "/usr/lib/python3.14/socket.py", line 727, in readinto
    raise OSError("cannot read from timed out object")
OSError: cannot read from timed out object
  attempt 3: success 382 frames, hearts 5.0
  attempt 7: success 379 frames, hearts 5.0
  attempt 14: success 367 frames, hearts 5.0
  (accept-after 8: took the 367-frame line after 20 attempts (8 without improvement) - flagged for a later pass)
  flagged rv_leg_49 for a later improvement pass (took the 367-frame line after 20 attempts (8 without improvement)); 72 flagged in flagged.json
[rv_leg_49] 367 frames, hearts 5.0 -> f58743 mode=05/00 L0 room=1a pos=(0,141) dir=1 hp=5.0/7 rup=48 sword=2 lag=10866 (total 58743 frames, 13415s wall)
Exception in thread Thread-289 (work):
Traceback (most recent call last):
Exception in thread Thread-290 (work):
  File "/usr/lib/python3.14/threading.py", line 1082, in _bootstrap_inner
    self._context.run(self.run)
    ~~~~~~~~~~~~~~~~~^^^^^^^^^^
Traceback (most recent call last):
  File "/usr/lib/python3.14/threading.py", line 1024, in run
    self._target(*self._args, **self._kwargs)
    ~~~~~~~~~~~~^^^^^^^^^^^^^^^^^^^^^^^^^^^^^
  File "/home/cmayfield/code/games/aibeatszelda/src/zelda/search.py", line 479, in work
    s = emu.state()
  File "/usr/lib/python3.14/threading.py", line 1082, in _bootstrap_inner
    self._context.run(self.run)
    ~~~~~~~~~~~~~~~~~^^^^^^^^^^
  File "/home/cmayfield/code/games/aibeatszelda/src/zelda/emulator.py", line 283, in state
    return State.parse(self.cmd("state"))
                       ~~~~~~~~^^^^^^^^^
  File "/usr/lib/python3.14/threading.py", line 1024, in run
    self._target(*self._args, **self._kwargs)
    ~~~~~~~~~~~~^^^^^^^^^^^^^^^^^^^^^^^^^^^^^
  File "/home/cmayfield/code/games/aibeatszelda/src/zelda/emulator.py", line 240, in cmd
    resp = self._rf.readline()
  File "/home/cmayfield/code/games/aibeatszelda/src/zelda/search.py", line 479, in work
    s = emu.state()
  File "/usr/lib/python3.14/socket.py", line 727, in readinto
    raise OSError("cannot read from timed out object")
  File "/home/cmayfield/code/games/aibeatszelda/src/zelda/emulator.py", line 283, in state
    return State.parse(self.cmd("state"))
                       ~~~~~~~~^^^^^^^^^
OSError: cannot read from timed out object
  File "/home/cmayfield/code/games/aibeatszelda/src/zelda/emulator.py", line 240, in cmd
    resp = self._rf.readline()
  File "/usr/lib/python3.14/socket.py", line 727, in readinto
    raise OSError("cannot read from timed out object")
OSError: cannot read from timed out object
  attempt 4: success 425 frames, hearts 6.0
  attempt 3: success 422 frames, hearts 6.0
  attempt 7: success 419 frames, hearts 6.0
  (accept-after 8: took the 419-frame line after 13 attempts (8 without improvement) - flagged for a later pass)
  flagged rv_leg_50 for a later improvement pass (took the 419-frame line after 13 attempts (8 without improvement)); 73 flagged in flagged.json
[rv_leg_50] 419 frames, hearts 6.0 -> f59162 mode=05/00 L0 room=0a pos=(208,221) dir=8 hp=6.0/7 rup=48 sword=2 lag=10918 (total 59162 frames, 13439s wall)
Exception in thread Thread-293 (work):
Exception in thread Thread-294 (work):
Traceback (most recent call last):
Traceback (most recent call last):
  File "/usr/lib/python3.14/threading.py", line 1082, in _bootstrap_inner
    self._context.run(self.run)
    ~~~~~~~~~~~~~~~~~^^^^^^^^^^
  File "/usr/lib/python3.14/threading.py", line 1082, in _bootstrap_inner
    self._context.run(self.run)
    ~~~~~~~~~~~~~~~~~^^^^^^^^^^
  File "/usr/lib/python3.14/threading.py", line 1024, in run
    self._target(*self._args, **self._kwargs)
    ~~~~~~~~~~~~^^^^^^^^^^^^^^^^^^^^^^^^^^^^^
  File "/usr/lib/python3.14/threading.py", line 1024, in run
    self._target(*self._args, **self._kwargs)
    ~~~~~~~~~~~~^^^^^^^^^^^^^^^^^^^^^^^^^^^^^
  File "/home/cmayfield/code/games/aibeatszelda/src/zelda/search.py", line 479, in work
    s = emu.state()
  File "/home/cmayfield/code/games/aibeatszelda/src/zelda/search.py", line 479, in work
    s = emu.state()
  File "/home/cmayfield/code/games/aibeatszelda/src/zelda/emulator.py", line 283, in state
    return State.parse(self.cmd("state"))
                       ~~~~~~~~^^^^^^^^^
  File "/home/cmayfield/code/games/aibeatszelda/src/zelda/emulator.py", line 240, in cmd
    resp = self._rf.readline()
  File "/usr/lib/python3.14/socket.py", line 727, in readinto
    raise OSError("cannot read from timed out object")
OSError: cannot read from timed out object
  File "/home/cmayfield/code/games/aibeatszelda/src/zelda/emulator.py", line 283, in state
    return State.parse(self.cmd("state"))
                       ~~~~~~~~^^^^^^^^^
  File "/home/cmayfield/code/games/aibeatszelda/src/zelda/emulator.py", line 240, in cmd
    resp = self._rf.readline()
  File "/usr/lib/python3.14/socket.py", line 727, in readinto
    raise OSError("cannot read from timed out object")
OSError: cannot read from timed out object
  attempt 4: died (841 frames)
  attempt 5: died (672 frames)
  attempt 3: timeout (1758 frames)
  attempt 6: timeout (960 frames)
  attempt 7: timeout (1372 frames)
  attempt 8: died (570 frames)
  attempt 9: timeout (1727 frames)
  attempt 10: timeout (1752 frames)
  attempt 11: success 1180 frames, hearts 6.0
  attempt 12: timeout (1168 frames)
  attempt 14: died (771 frames)
  attempt 13: timeout (1154 frames)
  attempt 15: timeout (1404 frames)
  attempt 16: died (1119 frames)
  attempt 18: died (771 frames)
  attempt 17: timeout (1917 frames)
  attempt 19: timeout (1522 frames)
  (accept-after 8: took the 1180-frame line after 17 attempts (8 without improvement) - flagged for a later pass)
  attempt 20: died (547 frames)
  flagged revenge for a later improvement pass (took the 1180-frame line after 17 attempts (8 without improvement)); 74 flagged in flagged.json
  trimmed 91 idle frames off revenge
[revenge] 1180 frames, hearts 6.0 -> f60251 mode=05/00 L0 room=0a pos=(192,141) dir=8 hp=6.0/7 rup=48 sword=2 lag=10918 (total 60251 frames, 16279s wall)
Exception in thread Thread-297 (work):
Exception in thread Thread-298 (work):
Traceback (most recent call last):
Traceback (most recent call last):
  File "/usr/lib/python3.14/threading.py", line 1082, in _bootstrap_inner
    self._context.run(self.run)
    ~~~~~~~~~~~~~~~~~^^^^^^^^^^
  File "/usr/lib/python3.14/threading.py", line 1024, in run
    self._target(*self._args, **self._kwargs)
    ~~~~~~~~~~~~^^^^^^^^^^^^^^^^^^^^^^^^^^^^^
  File "/home/cmayfield/code/games/aibeatszelda/src/zelda/search.py", line 479, in work
    s = emu.state()
  File "/home/cmayfield/code/games/aibeatszelda/src/zelda/emulator.py", line 283, in state
    return State.parse(self.cmd("state"))
                       ~~~~~~~~^^^^^^^^^
  File "/home/cmayfield/code/games/aibeatszelda/src/zelda/emulator.py", line 240, in cmd
    resp = self._rf.readline()
  File "/usr/lib/python3.14/socket.py", line 727, in readinto
    raise OSError("cannot read from timed out object")
  File "/usr/lib/python3.14/threading.py", line 1082, in _bootstrap_inner
    self._context.run(self.run)
    ~~~~~~~~~~~~~~~~~^^^^^^^^^^
  File "/usr/lib/python3.14/threading.py", line 1024, in run
    self._target(*self._args, **self._kwargs)
    ~~~~~~~~~~~~^^^^^^^^^^^^^^^^^^^^^^^^^^^^^
  File "/home/cmayfield/code/games/aibeatszelda/src/zelda/search.py", line 479, in work
    s = emu.state()
OSError: cannot read from timed out object
  File "/home/cmayfield/code/games/aibeatszelda/src/zelda/emulator.py", line 283, in state
    return State.parse(self.cmd("state"))
                       ~~~~~~~~^^^^^^^^^
  File "/home/cmayfield/code/games/aibeatszelda/src/zelda/emulator.py", line 240, in cmd
    resp = self._rf.readline()
  File "/usr/lib/python3.14/socket.py", line 727, in readinto
    raise OSError("cannot read from timed out object")
OSError: cannot read from timed out object
  attempt 4: success 342 frames, hearts 6.0
  attempt 5: success 338 frames, hearts 6.0
  (accept-after 8: took the 338-frame line after 11 attempts (8 without improvement) - flagged for a later pass)
  flagged deliver for a later improvement pass (took the 338-frame line after 11 attempts (8 without improvement)); 75 flagged in flagged.json
Gleeok's head: left in the sword cave
[deliver] 338 frames, hearts 6.0 -> f60589 mode=0b/00 L0 room=0a pos=(120,141) dir=8 hp=6.0/7 rup=48 sword=2 lag=10947 (total 60589 frames, 16345s wall)
Exception in thread Thread-302 (work):
Exception in thread Thread-301 (work):
Traceback (most recent call last):
Traceback (most recent call last):
  File "/usr/lib/python3.14/threading.py", line 1082, in _bootstrap_inner
    self._context.run(self.run)
    ~~~~~~~~~~~~~~~~~^^^^^^^^^^
  File "/usr/lib/python3.14/threading.py", line 1024, in run
    self._target(*self._args, **self._kwargs)
    ~~~~~~~~~~~~^^^^^^^^^^^^^^^^^^^^^^^^^^^^^
  File "/home/cmayfield/code/games/aibeatszelda/src/zelda/search.py", line 479, in work
    s = emu.state()
  File "/home/cmayfield/code/games/aibeatszelda/src/zelda/emulator.py", line 283, in state
    return State.parse(self.cmd("state"))
                       ~~~~~~~~^^^^^^^^^
  File "/home/cmayfield/code/games/aibeatszelda/src/zelda/emulator.py", line 240, in cmd
    resp = self._rf.readline()
  File "/usr/lib/python3.14/threading.py", line 1082, in _bootstrap_inner
    self._context.run(self.run)
    ~~~~~~~~~~~~~~~~~^^^^^^^^^^
  File "/usr/lib/python3.14/threading.py", line 1024, in run
    self._target(*self._args, **self._kwargs)
    ~~~~~~~~~~~~^^^^^^^^^^^^^^^^^^^^^^^^^^^^^
  File "/home/cmayfield/code/games/aibeatszelda/src/zelda/search.py", line 479, in work
    s = emu.state()
  File "/home/cmayfield/code/games/aibeatszelda/src/zelda/emulator.py", line 283, in state
    return State.parse(self.cmd("state"))
                       ~~~~~~~~^^^^^^^^^
  File "/home/cmayfield/code/games/aibeatszelda/src/zelda/emulator.py", line 240, in cmd
    resp = self._rf.readline()
  File "/usr/lib/python3.14/socket.py", line 727, in readinto
    raise OSError("cannot read from timed out object")
OSError: cannot read from timed out object
  File "/usr/lib/python3.14/socket.py", line 727, in readinto
    raise OSError("cannot read from timed out object")
OSError: cannot read from timed out object
  attempt 3: fail: no dock on this screen (3 frames)
  attempt 5: fail: no dock on this screen (1 frames)
  attempt 4: fail: no dock on this screen (8 frames)
  attempt 7: fail: no dock on this screen (0 frames)
  attempt 8: fail: no dock on this screen (2 frames)
  attempt 6: fail: no dock on this screen (6 frames)
  attempt 10: fail: no dock on this screen (0 frames)
  attempt 9: fail: no dock on this screen (5 frames)
  attempt 11: fail: no dock on this screen (8 frames)
  attempt 12: fail: no dock on this screen (4 frames)
  attempt 13: fail: no dock on this screen (2 frames)
  attempt 14: fail: no dock on this screen (4 frames)
  attempt 15: fail: no dock on this screen (3 frames)
  attempt 16: fail: no dock on this screen (4 frames)
  attempt 17: fail: no dock on this screen (6 frames)
  attempt 18: fail: no dock on this screen (6 frames)
  attempt 19: fail: no dock on this screen (6 frames)
  attempt 21: fail: no dock on this screen (0 frames)
  attempt 20: fail: no dock on this screen (5 frames)
  attempt 22: fail: no dock on this screen (3 frames)
  attempt 23: fail: no dock on this screen (6 frames)
  attempt 24: fail: no dock on this screen (7 frames)
  attempt 26: fail: no dock on this screen (0 frames)
  attempt 25: fail: no dock on this screen (7 frames)
  attempt 28: fail: no dock on this screen (1 frames)
  attempt 27: fail: no dock on this screen (7 frames)
  attempt 29: fail: no dock on this screen (6 frames)
  attempt 30: fail: no dock on this screen (8 frames)
  attempt 32: fail: no dock on this screen (0 frames)
  attempt 31: fail: no dock on this screen (6 frames)
  attempt 34: fail: no dock on this screen (4 frames)
  attempt 33: fail: no dock on this screen (8 frames)
  attempt 35: fail: no dock on this screen (1 frames)
  attempt 36: fail: no dock on this screen (2 frames)
  attempt 37: fail: no dock on this screen (1 frames)
  attempt 39: fail: no dock on this screen (1 frames)
  attempt 38: fail: no dock on this screen (7 frames)
  attempt 40: fail: no dock on this screen (3 frames)
  attempt 41: fail: no dock on this screen (2 frames)
  attempt 42: fail: no dock on this screen (2 frames)
  attempt 43: fail: no dock on this screen (2 frames)
  attempt 44: fail: no dock on this screen (5 frames)
  attempt 45: fail: no dock on this screen (5 frames)
  attempt 46: fail: no dock on this screen (6 frames)
  attempt 47: fail: no dock on this screen (7 frames)
  attempt 48: fail: no dock on this screen (4 frames)
  attempt 50: fail: no dock on this screen (0 frames)
  attempt 49: fail: no dock on this screen (4 frames)
  attempt 52: fail: no dock on this screen (1 frames)
  attempt 51: fail: no dock on this screen (6 frames)
  attempt 53: fail: no dock on this screen (1 frames)
  attempt 54: fail: no dock on this screen (5 frames)
  attempt 56: fail: no dock on this screen (1 frames)
  attempt 55: fail: no dock on this screen (8 frames)
  attempt 57: fail: no dock on this screen (2 frames)
  attempt 59: fail: no dock on this screen (2 frames)
  attempt 58: fail: no dock on this screen (6 frames)
  attempt 60: fail: no dock on this screen (1 frames)
  no success; most common: 58x fail: no dock on this screen @ room 0A L0
Traceback (most recent call last):
  File "/home/cmayfield/code/games/aibeatszelda/src/fullgame.py", line 3164, in <module>
    main()
    ~~~~^^
  File "/home/cmayfield/code/games/aibeatszelda/src/fullgame.py", line 3143, in main
    run.segment(name, factory, success, tries=tries, max_frames=3000)
    ~~~~~~~~~~~^^^^^^^^^^^^^^^^^^^^^^^^^^^^^^^^^^^^^^^^^^^^^^^^^^^^^^
  File "/home/cmayfield/code/games/aibeatszelda/src/zelda/runner.py", line 502, in segment
    raise RuntimeError(f"segment {name} failed")
RuntimeError: segment l2_sail failed
=== a segment genuinely failed; stopping (2026-10-01 20:59:47) ===
